model,params,learning_rate,weight_decay,best_epoch,best_val,best_train_at_best,duration_sec,status
mlp,"{'input_size': 20, 'output_size': 1, 'mlp_hidden_size': 64}",0.001,0.0,6,0.8300099149346352,0.7797667354345321,7.876009700004943,ok
mlp,"{'input_size': 20, 'output_size': 1, 'mlp_hidden_size': 128}",0.001,0.0,4,0.834705226123333,0.7837675988674164,4.10628939999151,ok
mlp,"{'input_size': 20, 'output_size': 1, 'mlp_hidden_size': [64, 64]}",0.001,0.0,6,0.8388658165931702,0.7741513162851333,4.86257850000402,ok
mlp,"{'input_size': 20, 'output_size': 1, 'mlp_hidden_size': [128, 64]}",0.001,0.0,2,0.841044507920742,0.7974293559789658,4.092298499977915,ok
mlp,"{'input_size': 20, 'output_size': 1, 'mlp_hidden_size': [64, 64, 64]}",0.001,0.0,4,0.8408508226275444,0.7817203968763351,4.686750699998811,ok
mlp,"{'input_size': 20, 'output_size': 1, 'mlp_hidden_size': 64}",0.001,0.0001,8,0.8231854811310768,0.7839745908975602,5.113928000006126,ok
mlp,"{'input_size': 20, 'output_size': 1, 'mlp_hidden_size': 128}",0.001,0.0001,6,0.8329358473420143,0.7799431115388871,4.487880600005155,ok
mlp,"{'input_size': 20, 'output_size': 1, 'mlp_hidden_size': [64, 64]}",0.001,0.0001,4,0.8406068906188011,0.7826539486646652,4.558760300016729,ok
mlp,"{'input_size': 20, 'output_size': 1, 'mlp_hidden_size': [128, 64]}",0.001,0.0001,2,0.8338871747255325,0.7911120444536209,4.066036600008374,ok
mlp,"{'input_size': 20, 'output_size': 1, 'mlp_hidden_size': [64, 64, 64]}",0.001,0.0001,2,0.8434844315052032,0.8108812391757965,4.341579600004479,ok
mlp,"{'input_size': 20, 'output_size': 1, 'mlp_hidden_size': 64}",0.0005,0.0,18,0.8308700025081635,0.7760051101446152,6.478344900009688,ok
mlp,"{'input_size': 20, 'output_size': 1, 'mlp_hidden_size': 128}",0.0005,0.0,10,0.8259058147668839,0.7797549664974213,4.735578499996336,ok
mlp,"{'input_size': 20, 'output_size': 1, 'mlp_hidden_size': [64, 64]}",0.0005,0.0,8,0.829217717051506,0.7759003579616547,4.785441500018351,ok
mlp,"{'input_size': 20, 'output_size': 1, 'mlp_hidden_size': [128, 64]}",0.0005,0.0,6,0.8338688760995865,0.7759379565715789,4.425530899985461,ok
mlp,"{'input_size': 20, 'output_size': 1, 'mlp_hidden_size': [64, 64, 64]}",0.0005,0.0,8,0.8394132554531097,0.7766410708427429,4.999113700003363,ok
mlp,"{'input_size': 20, 'output_size': 1, 'mlp_hidden_size': 64}",0.0005,0.0001,18,0.8218584954738617,0.7784017443656921,6.237787999998545,ok
mlp,"{'input_size': 20, 'output_size': 1, 'mlp_hidden_size': 128}",0.0005,0.0001,8,0.8372092470526695,0.7837457537651062,4.513483599992469,ok
mlp,"{'input_size': 20, 'output_size': 1, 'mlp_hidden_size': [64, 64]}",0.0005,0.0001,8,0.8330135196447372,0.7797662585973739,4.842340099974535,ok
mlp,"{'input_size': 20, 'output_size': 1, 'mlp_hidden_size': [128, 64]}",0.0005,0.0001,6,0.8342663124203682,0.7748542726039886,4.413983500009636,ok
mlp,"{'input_size': 20, 'output_size': 1, 'mlp_hidden_size': [64, 64, 64]}",0.0005,0.0001,8,0.8370896130800247,0.7769211620092392,5.024994500010507,ok
sequential_mlp,"{'input_size': 2, 'output_size': 1, 'sequence_length': 10, 'gru_hidden_size': 64, 'mlp_hidden_size': 64, 'pooling': 'last'}",0.001,0.0,28,0.8198880925774574,0.7848653435707093,9.942596000008052,ok
sequential_mlp,"{'input_size': 2, 'output_size': 1, 'sequence_length': 10, 'gru_hidden_size': 64, 'mlp_hidden_size': 64, 'pooling': 'static_softmax'}",0.001,0.0,46,0.8224696442484856,0.7867386609315872,14.080693900003098,ok
sequential_mlp,"{'input_size': 2, 'output_size': 1, 'sequence_length': 10, 'gru_hidden_size': 64, 'mlp_hidden_size': [32, 32], 'pooling': 'last'}",0.001,0.0,30,0.8262459710240364,0.7900705248117447,10.653820500010625,ok
sequential_mlp,"{'input_size': 2, 'output_size': 1, 'sequence_length': 10, 'gru_hidden_size': 64, 'mlp_hidden_size': [32, 32], 'pooling': 'static_softmax'}",0.001,0.0,30,0.8221322745084763,0.7889896780252457,11.044147400010845,ok
sequential_mlp,"{'input_size': 2, 'output_size': 1, 'sequence_length': 10, 'gru_hidden_size': 64, 'mlp_hidden_size': [64, 64], 'pooling': 'last'}",0.001,0.0,40,0.8274988234043121,0.786199539899826,12.65170550000039,ok
sequential_mlp,"{'input_size': 2, 'output_size': 1, 'sequence_length': 10, 'gru_hidden_size': 64, 'mlp_hidden_size': [64, 64], 'pooling': 'static_softmax'}",0.001,0.0,50,0.8213306814432144,0.7867880672216415,15.410256299976028,ok
sequential_mlp,"{'input_size': 2, 'output_size': 1, 'sequence_length': 10, 'gru_hidden_size': 128, 'mlp_hidden_size': 64, 'pooling': 'last'}",0.001,0.0,30,0.8192624822258949,0.7841717839241028,9.765327400004026,ok
sequential_mlp,"{'input_size': 2, 'output_size': 1, 'sequence_length': 10, 'gru_hidden_size': 128, 'mlp_hidden_size': 64, 'pooling': 'static_softmax'}",0.001,0.0,32,0.8229693099856377,0.788852870464325,10.63746870000614,ok
sequential_mlp,"{'input_size': 2, 'output_size': 1, 'sequence_length': 10, 'gru_hidden_size': 128, 'mlp_hidden_size': [32, 32], 'pooling': 'last'}",0.001,0.0,28,0.8198092728853226,0.7846790909767151,9.805501199996796,ok
sequential_mlp,"{'input_size': 2, 'output_size': 1, 'sequence_length': 10, 'gru_hidden_size': 128, 'mlp_hidden_size': [32, 32], 'pooling': 'static_softmax'}",0.001,0.0,64,0.8217089995741844,0.7856980115175247,17.849844000011217,ok
sequential_mlp,"{'input_size': 2, 'output_size': 1, 'sequence_length': 10, 'gru_hidden_size': 128, 'mlp_hidden_size': [64, 64], 'pooling': 'last'}",0.001,0.0,20,0.8210385739803314,0.7875816196203231,8.095258999994257,ok
sequential_mlp,"{'input_size': 2, 'output_size': 1, 'sequence_length': 10, 'gru_hidden_size': 128, 'mlp_hidden_size': [64, 64], 'pooling': 'static_softmax'}",0.001,0.0,48,0.8221649751067162,0.7883659094572067,14.388334199989911,ok
sequential_mlp,"{'input_size': 2, 'output_size': 1, 'sequence_length': 10, 'gru_hidden_size': [64, 64], 'mlp_hidden_size': 64, 'pooling': 'last'}",0.001,0.0,56,0.827610082924366,0.7839849591255188,16.32727850001538,ok
sequential_mlp,"{'input_size': 2, 'output_size': 1, 'sequence_length': 10, 'gru_hidden_size': [64, 64], 'mlp_hidden_size': 64, 'pooling': 'static_softmax'}",0.001,0.0,40,0.8226179108023643,0.7879180759191513,13.410628599987833,ok
sequential_mlp,"{'input_size': 2, 'output_size': 1, 'sequence_length': 10, 'gru_hidden_size': [64, 64], 'mlp_hidden_size': [32, 32], 'pooling': 'last'}",0.001,0.0,20,0.8184531405568123,0.7869024246931076,9.170526300003983,ok
sequential_mlp,"{'input_size': 2, 'output_size': 1, 'sequence_length': 10, 'gru_hidden_size': [64, 64], 'mlp_hidden_size': [32, 32], 'pooling': 'static_softmax'}",0.001,0.0,22,0.8233731836080551,0.7902823388576508,9.757067099999404,ok
sequential_mlp,"{'input_size': 2, 'output_size': 1, 'sequence_length': 10, 'gru_hidden_size': [64, 64], 'mlp_hidden_size': [64, 64], 'pooling': 'last'}",0.001,0.0,18,0.8200046941637993,0.7874844342470169,8.212892500014277,ok
sequential_mlp,"{'input_size': 2, 'output_size': 1, 'sequence_length': 10, 'gru_hidden_size': [64, 64], 'mlp_hidden_size': [64, 64], 'pooling': 'static_softmax'}",0.001,0.0,32,0.8245085403323174,0.789462473988533,11.355210399982752,ok
sequential_mlp,"{'input_size': 2, 'output_size': 1, 'sequence_length': 10, 'gru_hidden_size': 64, 'mlp_hidden_size': 64, 'pooling': 'last'}",0.001,0.0001,18,0.8217739313840866,0.7882625132799148,6.940099400002509,ok
sequential_mlp,"{'input_size': 2, 'output_size': 1, 'sequence_length': 10, 'gru_hidden_size': 64, 'mlp_hidden_size': 64, 'pooling': 'static_softmax'}",0.001,0.0001,24,0.8208107650279999,0.7890471875667572,8.25305619998835,ok
sequential_mlp,"{'input_size': 2, 'output_size': 1, 'sequence_length': 10, 'gru_hidden_size': 64, 'mlp_hidden_size': [32, 32], 'pooling': 'last'}",0.001,0.0001,16,0.8218130841851234,0.7886607259511947,7.574609200004488,ok
sequential_mlp,"{'input_size': 2, 'output_size': 1, 'sequence_length': 10, 'gru_hidden_size': 64, 'mlp_hidden_size': [32, 32], 'pooling': 'static_softmax'}",0.001,0.0001,60,0.8211787417531013,0.787274432182312,17.674355600000126,ok
sequential_mlp,"{'input_size': 2, 'output_size': 1, 'sequence_length': 10, 'gru_hidden_size': 64, 'mlp_hidden_size': [64, 64], 'pooling': 'last'}",0.001,0.0001,44,0.8276381567120552,0.7850359112024308,13.64562450000085,ok
sequential_mlp,"{'input_size': 2, 'output_size': 1, 'sequence_length': 10, 'gru_hidden_size': 64, 'mlp_hidden_size': [64, 64], 'pooling': 'static_softmax'}",0.001,0.0001,30,0.8238653019070625,0.7897359132766724,11.10020610000356,ok
sequential_mlp,"{'input_size': 2, 'output_size': 1, 'sequence_length': 10, 'gru_hidden_size': 128, 'mlp_hidden_size': 64, 'pooling': 'last'}",0.001,0.0001,40,0.8192040398716927,0.783804115653038,11.69176270000753,ok
sequential_mlp,"{'input_size': 2, 'output_size': 1, 'sequence_length': 10, 'gru_hidden_size': 128, 'mlp_hidden_size': 64, 'pooling': 'static_softmax'}",0.001,0.0001,52,0.8203746303915977,0.786895552277565,14.551897999976063,ok
sequential_mlp,"{'input_size': 2, 'output_size': 1, 'sequence_length': 10, 'gru_hidden_size': 128, 'mlp_hidden_size': [32, 32], 'pooling': 'last'}",0.001,0.0001,30,0.8188813924789429,0.7845403015613556,10.18739799998002,ok
sequential_mlp,"{'input_size': 2, 'output_size': 1, 'sequence_length': 10, 'gru_hidden_size': 128, 'mlp_hidden_size': [32, 32], 'pooling': 'static_softmax'}",0.001,0.0001,44,0.8204820603132248,0.7879336893558502,13.650403699983144,ok
sequential_mlp,"{'input_size': 2, 'output_size': 1, 'sequence_length': 10, 'gru_hidden_size': 128, 'mlp_hidden_size': [64, 64], 'pooling': 'last'}",0.001,0.0001,22,0.8216437473893166,0.7862980902194977,8.767868299997644,ok
sequential_mlp,"{'input_size': 2, 'output_size': 1, 'sequence_length': 10, 'gru_hidden_size': 128, 'mlp_hidden_size': [64, 64], 'pooling': 'static_softmax'}",0.001,0.0001,30,0.8233591765165329,0.7896027475595474,10.541493300028378,ok
sequential_mlp,"{'input_size': 2, 'output_size': 1, 'sequence_length': 10, 'gru_hidden_size': [64, 64], 'mlp_hidden_size': 64, 'pooling': 'last'}",0.001,0.0001,12,0.8199784681200981,0.7906628847122192,7.0327976999979,ok
sequential_mlp,"{'input_size': 2, 'output_size': 1, 'sequence_length': 10, 'gru_hidden_size': [64, 64], 'mlp_hidden_size': 64, 'pooling': 'static_softmax'}",0.001,0.0001,32,0.8232019916176796,0.7893203437328339,11.827499700011684,ok
sequential_mlp,"{'input_size': 2, 'output_size': 1, 'sequence_length': 10, 'gru_hidden_size': [64, 64], 'mlp_hidden_size': [32, 32], 'pooling': 'last'}",0.001,0.0001,14,0.8182690665125847,0.7886975526809692,7.725221700005932,ok
sequential_mlp,"{'input_size': 2, 'output_size': 1, 'sequence_length': 10, 'gru_hidden_size': [64, 64], 'mlp_hidden_size': [32, 32], 'pooling': 'static_softmax'}",0.001,0.0001,54,0.8222482949495316,0.7873781532049179,17.55700039997464,ok
sequential_mlp,"{'input_size': 2, 'output_size': 1, 'sequence_length': 10, 'gru_hidden_size': [64, 64], 'mlp_hidden_size': [64, 64], 'pooling': 'last'}",0.001,0.0001,16,0.8178142532706261,0.788311704993248,8.355370200006291,ok
sequential_mlp,"{'input_size': 2, 'output_size': 1, 'sequence_length': 10, 'gru_hidden_size': [64, 64], 'mlp_hidden_size': [64, 64], 'pooling': 'static_softmax'}",0.001,0.0001,40,0.8228562697768211,0.788317808508873,14.279214100009996,ok
sequential_mlp,"{'input_size': 2, 'output_size': 1, 'sequence_length': 10, 'gru_hidden_size': 64, 'mlp_hidden_size': 64, 'pooling': 'last'}",0.0005,0.0,66,0.8265720307826996,0.7840199083089828,17.209995800018078,ok
sequential_mlp,"{'input_size': 2, 'output_size': 1, 'sequence_length': 10, 'gru_hidden_size': 64, 'mlp_hidden_size': 64, 'pooling': 'static_softmax'}",0.0005,0.0,66,0.8195783570408821,0.7869441360235214,18.082326700008707,ok
sequential_mlp,"{'input_size': 2, 'output_size': 1, 'sequence_length': 10, 'gru_hidden_size': 64, 'mlp_hidden_size': [32, 32], 'pooling': 'last'}",0.0005,0.0,56,0.826202817261219,0.7850254088640213,16.102994199987734,ok
sequential_mlp,"{'input_size': 2, 'output_size': 1, 'sequence_length': 10, 'gru_hidden_size': 64, 'mlp_hidden_size': [32, 32], 'pooling': 'static_softmax'}",0.0005,0.0,88,0.8192015513777733,0.7864512503147125,23.72194869999657,ok
sequential_mlp,"{'input_size': 2, 'output_size': 1, 'sequence_length': 10, 'gru_hidden_size': 64, 'mlp_hidden_size': [64, 64], 'pooling': 'last'}",0.0005,0.0,66,0.825531966984272,0.7837779849767685,18.572866200003773,ok
sequential_mlp,"{'input_size': 2, 'output_size': 1, 'sequence_length': 10, 'gru_hidden_size': 64, 'mlp_hidden_size': [64, 64], 'pooling': 'static_softmax'}",0.0005,0.0,46,0.8210157006978989,0.7877948731184006,14.637870900012786,ok
sequential_mlp,"{'input_size': 2, 'output_size': 1, 'sequence_length': 10, 'gru_hidden_size': 128, 'mlp_hidden_size': 64, 'pooling': 'last'}",0.0005,0.0,12,0.8306168168783188,0.7980858445167541,6.1011807000031695,ok
sequential_mlp,"{'input_size': 2, 'output_size': 1, 'sequence_length': 10, 'gru_hidden_size': 128, 'mlp_hidden_size': 64, 'pooling': 'static_softmax'}",0.0005,0.0,54,0.8232686519622803,0.787146982550621,14.823921000002883,ok
sequential_mlp,"{'input_size': 2, 'output_size': 1, 'sequence_length': 10, 'gru_hidden_size': 128, 'mlp_hidden_size': [32, 32], 'pooling': 'last'}",0.0005,0.0,60,0.8287408202886581,0.7864741116762162,16.35266479998245,ok
sequential_mlp,"{'input_size': 2, 'output_size': 1, 'sequence_length': 10, 'gru_hidden_size': 128, 'mlp_hidden_size': [32, 32], 'pooling': 'static_softmax'}",0.0005,0.0,60,0.8203300312161446,0.7876939356327057,16.958679200004553,ok
sequential_mlp,"{'input_size': 2, 'output_size': 1, 'sequence_length': 10, 'gru_hidden_size': 128, 'mlp_hidden_size': [64, 64], 'pooling': 'last'}",0.0005,0.0,64,0.8271669968962669,0.7839601337909698,17.351203400001395,ok
sequential_mlp,"{'input_size': 2, 'output_size': 1, 'sequence_length': 10, 'gru_hidden_size': 128, 'mlp_hidden_size': [64, 64], 'pooling': 'static_softmax'}",0.0005,0.0,80,0.8212059363722801,0.7872795939445496,21.22499550000066,ok
sequential_mlp,"{'input_size': 2, 'output_size': 1, 'sequence_length': 10, 'gru_hidden_size': [64, 64], 'mlp_hidden_size': 64, 'pooling': 'last'}",0.0005,0.0,60,0.8258057534694672,0.7847709447145462,17.320061400008854,ok
sequential_mlp,"{'input_size': 2, 'output_size': 1, 'sequence_length': 10, 'gru_hidden_size': [64, 64], 'mlp_hidden_size': 64, 'pooling': 'static_softmax'}",0.0005,0.0,44,0.8195595294237137,0.7873940765857697,14.363173999998253,ok
sequential_mlp,"{'input_size': 2, 'output_size': 1, 'sequence_length': 10, 'gru_hidden_size': [64, 64], 'mlp_hidden_size': [32, 32], 'pooling': 'last'}",0.0005,0.0,40,0.8250728771090508,0.7868533730506897,13.659687200008191,ok
sequential_mlp,"{'input_size': 2, 'output_size': 1, 'sequence_length': 10, 'gru_hidden_size': [64, 64], 'mlp_hidden_size': [32, 32], 'pooling': 'static_softmax'}",0.0005,0.0,66,0.8184247091412544,0.78652223944664,20.31343339997693,ok
sequential_mlp,"{'input_size': 2, 'output_size': 1, 'sequence_length': 10, 'gru_hidden_size': [64, 64], 'mlp_hidden_size': [64, 64], 'pooling': 'last'}",0.0005,0.0,42,0.82699766010046,0.7869576454162598,14.196849500003736,ok
sequential_mlp,"{'input_size': 2, 'output_size': 1, 'sequence_length': 10, 'gru_hidden_size': [64, 64], 'mlp_hidden_size': [64, 64], 'pooling': 'static_softmax'}",0.0005,0.0,48,0.8212365955114365,0.7887613445520401,16.048882000002777,ok
sequential_mlp,"{'input_size': 2, 'output_size': 1, 'sequence_length': 10, 'gru_hidden_size': 64, 'mlp_hidden_size': 64, 'pooling': 'last'}",0.0005,0.0001,42,0.8314050436019897,0.7882881879806518,12.430530799989356,ok
sequential_mlp,"{'input_size': 2, 'output_size': 1, 'sequence_length': 10, 'gru_hidden_size': 64, 'mlp_hidden_size': 64, 'pooling': 'static_softmax'}",0.0005,0.0001,42,0.819079801440239,0.7874735921621323,13.057333300006576,ok
sequential_mlp,"{'input_size': 2, 'output_size': 1, 'sequence_length': 10, 'gru_hidden_size': 64, 'mlp_hidden_size': [32, 32], 'pooling': 'last'}",0.0005,0.0001,82,0.8260829970240593,0.7846124559640885,21.569928799988705,ok
sequential_mlp,"{'input_size': 2, 'output_size': 1, 'sequence_length': 10, 'gru_hidden_size': 64, 'mlp_hidden_size': [32, 32], 'pooling': 'static_softmax'}",0.0005,0.0001,66,0.8176989406347275,0.7864044725894928,18.829759999993257,ok
sequential_mlp,"{'input_size': 2, 'output_size': 1, 'sequence_length': 10, 'gru_hidden_size': 64, 'mlp_hidden_size': [64, 64], 'pooling': 'last'}",0.0005,0.0001,60,0.8280863985419273,0.7842395275831222,16.991966400004458,ok
sequential_mlp,"{'input_size': 2, 'output_size': 1, 'sequence_length': 10, 'gru_hidden_size': 64, 'mlp_hidden_size': [64, 64], 'pooling': 'static_softmax'}",0.0005,0.0001,60,0.8226176276803017,0.7861542224884033,17.54437649997999,ok
sequential_mlp,"{'input_size': 2, 'output_size': 1, 'sequence_length': 10, 'gru_hidden_size': 128, 'mlp_hidden_size': 64, 'pooling': 'last'}",0.0005,0.0001,60,0.8256356120109558,0.784558168053627,15.309869400021851,ok
sequential_mlp,"{'input_size': 2, 'output_size': 1, 'sequence_length': 10, 'gru_hidden_size': 128, 'mlp_hidden_size': 64, 'pooling': 'static_softmax'}",0.0005,0.0001,58,0.8198394477367401,0.7868730306625367,15.580263500014553,ok
sequential_mlp,"{'input_size': 2, 'output_size': 1, 'sequence_length': 10, 'gru_hidden_size': 128, 'mlp_hidden_size': [32, 32], 'pooling': 'last'}",0.0005,0.0001,42,0.8268138244748116,0.7882853925228119,12.543327299994417,ok
sequential_mlp,"{'input_size': 2, 'output_size': 1, 'sequence_length': 10, 'gru_hidden_size': 128, 'mlp_hidden_size': [32, 32], 'pooling': 'static_softmax'}",0.0005,0.0001,84,0.8178675398230553,0.7858920723199845,21.901791499985848,ok
sequential_mlp,"{'input_size': 2, 'output_size': 1, 'sequence_length': 10, 'gru_hidden_size': 128, 'mlp_hidden_size': [64, 64], 'pooling': 'last'}",0.0005,0.0001,54,0.8277670815587044,0.786153894662857,15.043647100013914,ok
sequential_mlp,"{'input_size': 2, 'output_size': 1, 'sequence_length': 10, 'gru_hidden_size': 128, 'mlp_hidden_size': [64, 64], 'pooling': 'static_softmax'}",0.0005,0.0001,64,0.820762112736702,0.7862462550401688,17.783707700000377,ok
sequential_mlp,"{'input_size': 2, 'output_size': 1, 'sequence_length': 10, 'gru_hidden_size': [64, 64], 'mlp_hidden_size': 64, 'pooling': 'last'}",0.0005,0.0001,52,0.8270067200064659,0.785680639743805,15.666407299984712,ok
sequential_mlp,"{'input_size': 2, 'output_size': 1, 'sequence_length': 10, 'gru_hidden_size': [64, 64], 'mlp_hidden_size': 64, 'pooling': 'static_softmax'}",0.0005,0.0001,46,0.8213506042957306,0.7868643432855607,15.078674899996258,ok
sequential_mlp,"{'input_size': 2, 'output_size': 1, 'sequence_length': 10, 'gru_hidden_size': [64, 64], 'mlp_hidden_size': [32, 32], 'pooling': 'last'}",0.0005,0.0001,38,0.8257848396897316,0.7869043111801147,13.331611900008284,ok
sequential_mlp,"{'input_size': 2, 'output_size': 1, 'sequence_length': 10, 'gru_hidden_size': [64, 64], 'mlp_hidden_size': [32, 32], 'pooling': 'static_softmax'}",0.0005,0.0001,60,0.8190890401601791,0.7870396435260772,18.93486439998378,ok
sequential_mlp,"{'input_size': 2, 'output_size': 1, 'sequence_length': 10, 'gru_hidden_size': [64, 64], 'mlp_hidden_size': [64, 64], 'pooling': 'last'}",0.0005,0.0001,38,0.8282861262559891,0.7877755790948868,13.39965220002341,ok
sequential_mlp,"{'input_size': 2, 'output_size': 1, 'sequence_length': 10, 'gru_hidden_size': [64, 64], 'mlp_hidden_size': [64, 64], 'pooling': 'static_softmax'}",0.0005,0.0001,60,0.8212869018316269,0.7871634125709533,18.974709100002656,ok
engression,"{'input_dim': 20, 'output_dim': 1, 'mlp_hidden_dim': 64, 'mlp_sigma': 1.0, 'mlp_noise_dim': 100}",0.001,0.0,20,0.4958002045750618,0.4948766320943832,21.07194160000654,ok
engression,"{'input_dim': 20, 'output_dim': 1, 'mlp_hidden_dim': 128, 'mlp_sigma': 1.0, 'mlp_noise_dim': 100}",0.001,0.0,14,0.4984848983585834,0.4924371808767319,19.72480409999844,ok
engression,"{'input_dim': 20, 'output_dim': 1, 'mlp_hidden_dim': [64, 64], 'mlp_sigma': 1.0, 'mlp_noise_dim': 100}",0.001,0.0,34,0.4986169636249542,0.4919685751199722,29.0841245999909,ok
engression,"{'input_dim': 20, 'output_dim': 1, 'mlp_hidden_dim': [128, 64], 'mlp_sigma': 1.0, 'mlp_noise_dim': 100}",0.001,0.0,48,0.4996576346457004,0.4823941931128502,37.82837660002406,ok
engression,"{'input_dim': 20, 'output_dim': 1, 'mlp_hidden_dim': [64, 64, 64], 'mlp_sigma': 1.0, 'mlp_noise_dim': 100}",0.001,0.0,24,0.4966827444732189,0.4935488134622574,25.927676899998914,ok
engression,"{'input_dim': 20, 'output_dim': 1, 'mlp_hidden_dim': 64, 'mlp_sigma': 1.0, 'mlp_noise_dim': 100}",0.001,0.0001,20,0.4960718601942062,0.4907008826732635,20.89578999998048,ok
engression,"{'input_dim': 20, 'output_dim': 1, 'mlp_hidden_dim': 128, 'mlp_sigma': 1.0, 'mlp_noise_dim': 100}",0.001,0.0001,6,0.498003002256155,0.5002018138766289,16.232718500017654,ok
engression,"{'input_dim': 20, 'output_dim': 1, 'mlp_hidden_dim': [64, 64], 'mlp_sigma': 1.0, 'mlp_noise_dim': 100}",0.001,0.0001,50,0.4961115829646587,0.4899390831589699,35.98883069999283,ok
engression,"{'input_dim': 20, 'output_dim': 1, 'mlp_hidden_dim': [128, 64], 'mlp_sigma': 1.0, 'mlp_noise_dim': 100}",0.001,0.0001,36,0.4957156479358673,0.4893623203039169,31.71204139996553,ok
engression,"{'input_dim': 20, 'output_dim': 1, 'mlp_hidden_dim': [64, 64, 64], 'mlp_sigma': 1.0, 'mlp_noise_dim': 100}",0.001,0.0001,32,0.4971240349113941,0.4838525727391243,29.41335390001768,ok
engression,"{'input_dim': 20, 'output_dim': 1, 'mlp_hidden_dim': 64, 'mlp_sigma': 1.0, 'mlp_noise_dim': 100}",0.0005,0.0,26,0.4976624585688114,0.4902271062135696,23.207000700000208,ok
engression,"{'input_dim': 20, 'output_dim': 1, 'mlp_hidden_dim': 128, 'mlp_sigma': 1.0, 'mlp_noise_dim': 100}",0.0005,0.0,30,0.4984436444938183,0.4826694458723068,26.55150709999725,ok
engression,"{'input_dim': 20, 'output_dim': 1, 'mlp_hidden_dim': [64, 64], 'mlp_sigma': 1.0, 'mlp_noise_dim': 100}",0.0005,0.0,16,0.4968036003410816,0.495299331843853,20.89215009997133,ok
engression,"{'input_dim': 20, 'output_dim': 1, 'mlp_hidden_dim': [128, 64], 'mlp_sigma': 1.0, 'mlp_noise_dim': 100}",0.0005,0.0,22,0.498283002525568,0.4855574280023574,24.908679599990137,ok
engression,"{'input_dim': 20, 'output_dim': 1, 'mlp_hidden_dim': [64, 64, 64], 'mlp_sigma': 1.0, 'mlp_noise_dim': 100}",0.0005,0.0,70,0.4957655742764473,0.4857978105545044,47.97166909999214,ok
engression,"{'input_dim': 20, 'output_dim': 1, 'mlp_hidden_dim': 64, 'mlp_sigma': 1.0, 'mlp_noise_dim': 100}",0.0005,0.0001,42,0.4948987737298012,0.4960026189684868,30.473245900007896,ok
engression,"{'input_dim': 20, 'output_dim': 1, 'mlp_hidden_dim': 128, 'mlp_sigma': 1.0, 'mlp_noise_dim': 100}",0.0005,0.0001,30,0.4967756941914558,0.4925780832767487,27.029177099990196,ok
engression,"{'input_dim': 20, 'output_dim': 1, 'mlp_hidden_dim': [64, 64], 'mlp_sigma': 1.0, 'mlp_noise_dim': 100}",0.0005,0.0001,14,0.4990037605166435,0.4874258324503898,19.761185400013343,ok
engression,"{'input_dim': 20, 'output_dim': 1, 'mlp_hidden_dim': [128, 64], 'mlp_sigma': 1.0, 'mlp_noise_dim': 100}",0.0005,0.0001,8,0.4993286617100239,0.49474688321352,18.2732881999691,ok
engression,"{'input_dim': 20, 'output_dim': 1, 'mlp_hidden_dim': [64, 64, 64], 'mlp_sigma': 1.0, 'mlp_noise_dim': 100}",0.0005,0.0001,46,0.4964737221598625,0.4843220844864845,36.486116599990055,ok
h_engression,"{'input_dim': 20, 'output_dim': 1, 'mlp_hidden_dim': 64, 'mlp_noise_dim': 100, 'mlp_noise_representation': 'scalar'}",0.001,0.0,38,0.4991117268800735,0.4866474509239197,29.93235319998348,ok
h_engression,"{'input_dim': 20, 'output_dim': 1, 'mlp_hidden_dim': 64, 'mlp_noise_dim': 100, 'mlp_noise_representation': 'vector'}",0.001,0.0,14,0.497253518551588,0.4965851560235023,22.83076510002138,ok
h_engression,"{'input_dim': 20, 'output_dim': 1, 'mlp_hidden_dim': 128, 'mlp_noise_dim': 100, 'mlp_noise_representation': 'scalar'}",0.001,0.0,18,0.5009241551160812,0.4893936187028885,22.48656489996938,ok
h_engression,"{'input_dim': 20, 'output_dim': 1, 'mlp_hidden_dim': 128, 'mlp_noise_dim': 100, 'mlp_noise_representation': 'vector'}",0.001,0.0,48,0.4986559376120567,0.4950960531830787,42.459838999959175,ok
h_engression,"{'input_dim': 20, 'output_dim': 1, 'mlp_hidden_dim': [64, 64], 'mlp_noise_dim': 100, 'mlp_noise_representation': 'scalar'}",0.001,0.0,20,0.4976329244673252,0.4836901307106018,23.815497700008564,ok
h_engression,"{'input_dim': 20, 'output_dim': 1, 'mlp_hidden_dim': [64, 64], 'mlp_noise_dim': 100, 'mlp_noise_representation': 'vector'}",0.001,0.0,40,0.498669508844614,0.5026065409183502,38.18949359998805,ok
h_engression,"{'input_dim': 20, 'output_dim': 1, 'mlp_hidden_dim': [128, 64], 'mlp_noise_dim': 100, 'mlp_noise_representation': 'scalar'}",0.001,0.0,22,0.4987274073064327,0.4829550042748451,26.06853150000097,ok
h_engression,"{'input_dim': 20, 'output_dim': 1, 'mlp_hidden_dim': [128, 64], 'mlp_noise_dim': 100, 'mlp_noise_representation': 'vector'}",0.001,0.0,10,0.5008312910795212,0.4828419938683509,23.317930799967144,ok
h_engression,"{'input_dim': 20, 'output_dim': 1, 'mlp_hidden_dim': [64, 64, 64], 'mlp_noise_dim': 100, 'mlp_noise_representation': 'scalar'}",0.001,0.0,26,0.5017216205596924,0.4830931112170219,28.44310549995862,ok
h_engression,"{'input_dim': 20, 'output_dim': 1, 'mlp_hidden_dim': [64, 64, 64], 'mlp_noise_dim': 100, 'mlp_noise_representation': 'vector'}",0.001,0.0,6,0.4990066848695278,0.4900349140167236,20.907816799997818,ok
h_engression,"{'input_dim': 20, 'output_dim': 1, 'mlp_hidden_dim': 64, 'mlp_noise_dim': 100, 'mlp_noise_representation': 'scalar'}",0.001,0.0001,16,0.4983040019869804,0.5022021129727363,20.38966290000826,ok
h_engression,"{'input_dim': 20, 'output_dim': 1, 'mlp_hidden_dim': 64, 'mlp_noise_dim': 100, 'mlp_noise_representation': 'vector'}",0.001,0.0001,18,0.4987838603556156,0.4990636214613914,25.19983850000426,ok
h_engression,"{'input_dim': 20, 'output_dim': 1, 'mlp_hidden_dim': 128, 'mlp_noise_dim': 100, 'mlp_noise_representation': 'scalar'}",0.001,0.0001,38,0.4989652745425701,0.5012225300073624,31.78518519998761,ok
h_engression,"{'input_dim': 20, 'output_dim': 1, 'mlp_hidden_dim': 128, 'mlp_noise_dim': 100, 'mlp_noise_representation': 'vector'}",0.001,0.0001,20,0.4980187565088272,0.489208722114563,27.554357199987862,ok
h_engression,"{'input_dim': 20, 'output_dim': 1, 'mlp_hidden_dim': [64, 64], 'mlp_noise_dim': 100, 'mlp_noise_representation': 'scalar'}",0.001,0.0001,54,0.5009569339454174,0.4808583781123161,39.73577279999154,ok
h_engression,"{'input_dim': 20, 'output_dim': 1, 'mlp_hidden_dim': [64, 64], 'mlp_noise_dim': 100, 'mlp_noise_representation': 'vector'}",0.001,0.0001,8,0.4972478710114956,0.4784161254763603,20.80012110003736,ok
h_engression,"{'input_dim': 20, 'output_dim': 1, 'mlp_hidden_dim': [128, 64], 'mlp_noise_dim': 100, 'mlp_noise_representation': 'scalar'}",0.001,0.0001,26,0.5008366964757442,0.4952594056725502,28.72421379998559,ok
h_engression,"{'input_dim': 20, 'output_dim': 1, 'mlp_hidden_dim': [128, 64], 'mlp_noise_dim': 100, 'mlp_noise_representation': 'vector'}",0.001,0.0001,6,0.5013762451708317,0.4995132908225059,21.122614499996416,ok
h_engression,"{'input_dim': 20, 'output_dim': 1, 'mlp_hidden_dim': [64, 64, 64], 'mlp_noise_dim': 100, 'mlp_noise_representation': 'scalar'}",0.001,0.0001,14,0.5016978941857815,0.4782534167170524,21.775578400003724,ok
h_engression,"{'input_dim': 20, 'output_dim': 1, 'mlp_hidden_dim': [64, 64, 64], 'mlp_noise_dim': 100, 'mlp_noise_representation': 'vector'}",0.001,0.0001,6,0.4991894401609897,0.5035348773002625,21.00151289999485,ok
h_engression,"{'input_dim': 20, 'output_dim': 1, 'mlp_hidden_dim': 64, 'mlp_noise_dim': 100, 'mlp_noise_representation': 'scalar'}",0.0005,0.0,32,0.4980255402624607,0.4929596304893494,27.60920000000624,ok
h_engression,"{'input_dim': 20, 'output_dim': 1, 'mlp_hidden_dim': 64, 'mlp_noise_dim': 100, 'mlp_noise_representation': 'vector'}",0.0005,0.0,22,0.4939577020704746,0.4853001981973648,27.205131399969105,ok
h_engression,"{'input_dim': 20, 'output_dim': 1, 'mlp_hidden_dim': 128, 'mlp_noise_dim': 100, 'mlp_noise_representation': 'scalar'}",0.0005,0.0,36,0.5000312551856041,0.4977481707930565,30.95324690005509,ok
h_engression,"{'input_dim': 20, 'output_dim': 1, 'mlp_hidden_dim': 128, 'mlp_noise_dim': 100, 'mlp_noise_representation': 'vector'}",0.0005,0.0,16,0.4975967742502689,0.4867874711751938,25.095666600042023,ok
h_engression,"{'input_dim': 20, 'output_dim': 1, 'mlp_hidden_dim': [64, 64], 'mlp_noise_dim': 100, 'mlp_noise_representation': 'scalar'}",0.0005,0.0,22,0.5020487792789936,0.4910199090838432,24.697141200012997,ok
h_engression,"{'input_dim': 20, 'output_dim': 1, 'mlp_hidden_dim': [64, 64], 'mlp_noise_dim': 100, 'mlp_noise_representation': 'vector'}",0.0005,0.0,22,0.4980932027101517,0.4889458388090134,28.95759290002752,ok
h_engression,"{'input_dim': 20, 'output_dim': 1, 'mlp_hidden_dim': [128, 64], 'mlp_noise_dim': 100, 'mlp_noise_representation': 'scalar'}",0.0005,0.0,22,0.5041284263134003,0.4969836190342903,26.279185199993663,ok
h_engression,"{'input_dim': 20, 'output_dim': 1, 'mlp_hidden_dim': [128, 64], 'mlp_noise_dim': 100, 'mlp_noise_representation': 'vector'}",0.0005,0.0,24,0.4964743033051491,0.4821145266294479,31.90295899997,ok
h_engression,"{'input_dim': 20, 'output_dim': 1, 'mlp_hidden_dim': [64, 64, 64], 'mlp_noise_dim': 100, 'mlp_noise_representation': 'scalar'}",0.0005,0.0,40,0.5018650479614735,0.4858690753579139,35.150627200026065,ok
h_engression,"{'input_dim': 20, 'output_dim': 1, 'mlp_hidden_dim': [64, 64, 64], 'mlp_noise_dim': 100, 'mlp_noise_representation': 'vector'}",0.0005,0.0,6,0.5022962689399719,0.5016506910324097,21.02451529999962,ok
h_engression,"{'input_dim': 20, 'output_dim': 1, 'mlp_hidden_dim': 64, 'mlp_noise_dim': 100, 'mlp_noise_representation': 'scalar'}",0.0005,0.0001,40,0.4979119785130024,0.5003365948796272,31.099295899970457,ok
h_engression,"{'input_dim': 20, 'output_dim': 1, 'mlp_hidden_dim': 64, 'mlp_noise_dim': 100, 'mlp_noise_representation': 'vector'}",0.0005,0.0001,42,0.4958327785134315,0.4879584565758705,37.85115509998286,ok
h_engression,"{'input_dim': 20, 'output_dim': 1, 'mlp_hidden_dim': 128, 'mlp_noise_dim': 100, 'mlp_noise_representation': 'scalar'}",0.0005,0.0001,22,0.500471718609333,0.4920106545090675,24.33117990003666,ok
h_engression,"{'input_dim': 20, 'output_dim': 1, 'mlp_hidden_dim': 128, 'mlp_noise_dim': 100, 'mlp_noise_representation': 'vector'}",0.0005,0.0001,12,0.4978721663355827,0.4882275074720382,23.129620599967893,ok
h_engression,"{'input_dim': 20, 'output_dim': 1, 'mlp_hidden_dim': [64, 64], 'mlp_noise_dim': 100, 'mlp_noise_representation': 'scalar'}",0.0005,0.0001,16,0.5022620148956776,0.4996588572859764,21.83126300002914,ok
h_engression,"{'input_dim': 20, 'output_dim': 1, 'mlp_hidden_dim': [64, 64], 'mlp_noise_dim': 100, 'mlp_noise_representation': 'vector'}",0.0005,0.0001,20,0.4987246952950954,0.4910089820623398,27.707530100014992,ok
h_engression,"{'input_dim': 20, 'output_dim': 1, 'mlp_hidden_dim': [128, 64], 'mlp_noise_dim': 100, 'mlp_noise_representation': 'scalar'}",0.0005,0.0001,50,0.498002614825964,0.4931545317173004,40.8565201999736,ok
h_engression,"{'input_dim': 20, 'output_dim': 1, 'mlp_hidden_dim': [128, 64], 'mlp_noise_dim': 100, 'mlp_noise_representation': 'vector'}",0.0005,0.0001,14,0.4998698197305202,0.4886241391301155,25.83150020003086,ok
h_engression,"{'input_dim': 20, 'output_dim': 1, 'mlp_hidden_dim': [64, 64, 64], 'mlp_noise_dim': 100, 'mlp_noise_representation': 'scalar'}",0.0005,0.0001,28,0.5017534904181957,0.4963123396039009,29.7618890000158,ok
h_engression,"{'input_dim': 20, 'output_dim': 1, 'mlp_hidden_dim': [64, 64, 64], 'mlp_noise_dim': 100, 'mlp_noise_representation': 'vector'}",0.0005,0.0001,22,0.4982012659311294,0.5032583400607109,30.63531610002974,ok
sequential_engression,"{'input_dim': 2, 'output_dim': 1, 'sequence_length': 10, 'gru_hidden_size': 64, 'mlp_hidden_dim': 64, 'mlp_sigma': 1.0, 'mlp_noise_dim': 100, 'pooling': 'last'}",0.001,0.0,52,0.4940181858837604,0.492134490609169,217.58566809998592,ok
sequential_engression,"{'input_dim': 2, 'output_dim': 1, 'sequence_length': 10, 'gru_hidden_size': 64, 'mlp_hidden_dim': 64, 'mlp_sigma': 1.0, 'mlp_noise_dim': 100, 'pooling': 'static_softmax'}",0.001,0.0,74,0.4900051355361938,0.5020233169198036,268.03271609998774,ok
sequential_engression,"{'input_dim': 2, 'output_dim': 1, 'sequence_length': 10, 'gru_hidden_size': 64, 'mlp_hidden_dim': [32, 32], 'mlp_sigma': 1.0, 'mlp_noise_dim': 100, 'pooling': 'last'}",0.001,0.0,50,0.4957721270620823,0.485225248336792,196.89725189999444,ok
sequential_engression,"{'input_dim': 2, 'output_dim': 1, 'sequence_length': 10, 'gru_hidden_size': 64, 'mlp_hidden_dim': [32, 32], 'mlp_sigma': 1.0, 'mlp_noise_dim': 100, 'pooling': 'static_softmax'}",0.001,0.0,48,0.4939586892724037,0.4927015706896782,196.6771256999928,ok
sequential_engression,"{'input_dim': 2, 'output_dim': 1, 'sequence_length': 10, 'gru_hidden_size': 64, 'mlp_hidden_dim': [64, 64], 'mlp_sigma': 1.0, 'mlp_noise_dim': 100, 'pooling': 'last'}",0.001,0.0,38,0.4959082379937172,0.4989816233515739,161.2941783000133,ok
sequential_engression,"{'input_dim': 2, 'output_dim': 1, 'sequence_length': 10, 'gru_hidden_size': 64, 'mlp_hidden_dim': [64, 64], 'mlp_sigma': 1.0, 'mlp_noise_dim': 100, 'pooling': 'static_softmax'}",0.001,0.0,48,0.4949398264288902,0.4817426025867462,176.88498179998714,ok
sequential_engression,"{'input_dim': 2, 'output_dim': 1, 'sequence_length': 10, 'gru_hidden_size': 128, 'mlp_hidden_dim': 64, 'mlp_sigma': 1.0, 'mlp_noise_dim': 100, 'pooling': 'last'}",0.001,0.0,80,0.4939836896955967,0.4896406844258308,424.5281972000376,ok
sequential_engression,"{'input_dim': 2, 'output_dim': 1, 'sequence_length': 10, 'gru_hidden_size': 128, 'mlp_hidden_dim': 64, 'mlp_sigma': 1.0, 'mlp_noise_dim': 100, 'pooling': 'static_softmax'}",0.001,0.0,84,0.4914541020989418,0.4914340227842331,455.5720850999933,ok
sequential_engression,"{'input_dim': 2, 'output_dim': 1, 'sequence_length': 10, 'gru_hidden_size': 128, 'mlp_hidden_dim': [32, 32], 'mlp_sigma': 1.0, 'mlp_noise_dim': 100, 'pooling': 'last'}",0.001,0.0,28,0.4960151985287666,0.4846811652183532,222.6224388999981,ok
sequential_engression,"{'input_dim': 2, 'output_dim': 1, 'sequence_length': 10, 'gru_hidden_size': 128, 'mlp_hidden_dim': [32, 32], 'mlp_sigma': 1.0, 'mlp_noise_dim': 100, 'pooling': 'static_softmax'}",0.001,0.0,50,0.4942530393600464,0.4871683076024055,318.4594073999906,ok
sequential_engression,"{'input_dim': 2, 'output_dim': 1, 'sequence_length': 10, 'gru_hidden_size': 128, 'mlp_hidden_dim': [64, 64], 'mlp_sigma': 1.0, 'mlp_noise_dim': 100, 'pooling': 'last'}",0.001,0.0,34,0.4949337430298328,0.4871124565601349,248.6361816999852,ok
sequential_engression,"{'input_dim': 2, 'output_dim': 1, 'sequence_length': 10, 'gru_hidden_size': 128, 'mlp_hidden_dim': [64, 64], 'mlp_sigma': 1.0, 'mlp_noise_dim': 100, 'pooling': 'static_softmax'}",0.001,0.0,62,0.4928312711417675,0.4905757501721382,370.83334539999487,ok
sequential_engression,"{'input_dim': 2, 'output_dim': 1, 'sequence_length': 10, 'gru_hidden_size': [64, 64], 'mlp_hidden_dim': 64, 'mlp_sigma': 1.0, 'mlp_noise_dim': 100, 'pooling': 'last'}",0.001,0.0,72,0.4926830045878887,0.4816096857190132,378.60188480000943,ok
sequential_engression,"{'input_dim': 2, 'output_dim': 1, 'sequence_length': 10, 'gru_hidden_size': [64, 64], 'mlp_hidden_dim': 64, 'mlp_sigma': 1.0, 'mlp_noise_dim': 100, 'pooling': 'static_softmax'}",0.001,0.0,56,0.4936396144330501,0.4835275396704673,324.5805420000106,ok
sequential_engression,"{'input_dim': 2, 'output_dim': 1, 'sequence_length': 10, 'gru_hidden_size': [64, 64], 'mlp_hidden_dim': [32, 32], 'mlp_sigma': 1.0, 'mlp_noise_dim': 100, 'pooling': 'last'}",0.001,0.0,42,0.4920572079718113,0.4889195933938026,268.6927441000007,ok
sequential_engression,"{'input_dim': 2, 'output_dim': 1, 'sequence_length': 10, 'gru_hidden_size': [64, 64], 'mlp_hidden_dim': [32, 32], 'mlp_sigma': 1.0, 'mlp_noise_dim': 100, 'pooling': 'static_softmax'}",0.001,0.0,78,0.4931980594992637,0.4881416469812393,406.645530400041,ok
sequential_engression,"{'input_dim': 2, 'output_dim': 1, 'sequence_length': 10, 'gru_hidden_size': [64, 64], 'mlp_hidden_dim': [64, 64], 'mlp_sigma': 1.0, 'mlp_noise_dim': 100, 'pooling': 'last'}",0.001,0.0,32,0.4934021532535553,0.493965658545494,231.6194354000036,ok
sequential_engression,"{'input_dim': 2, 'output_dim': 1, 'sequence_length': 10, 'gru_hidden_size': [64, 64], 'mlp_hidden_dim': [64, 64], 'mlp_sigma': 1.0, 'mlp_noise_dim': 100, 'pooling': 'static_softmax'}",0.001,0.0,28,0.4959187023341656,0.4871832117438316,220.5973539000261,ok
sequential_engression,"{'input_dim': 2, 'output_dim': 1, 'sequence_length': 10, 'gru_hidden_size': 64, 'mlp_hidden_dim': 64, 'mlp_sigma': 1.0, 'mlp_noise_dim': 100, 'pooling': 'last'}",0.001,0.0001,66,0.4935192130506038,0.4866192921996116,207.66299099999011,ok
sequential_engression,"{'input_dim': 2, 'output_dim': 1, 'sequence_length': 10, 'gru_hidden_size': 64, 'mlp_hidden_dim': 64, 'mlp_sigma': 1.0, 'mlp_noise_dim': 100, 'pooling': 'static_softmax'}",0.001,0.0001,86,0.4920596927404403,0.4876615181565285,259.98569979995955,ok
sequential_engression,"{'input_dim': 2, 'output_dim': 1, 'sequence_length': 10, 'gru_hidden_size': 64, 'mlp_hidden_dim': [32, 32], 'mlp_sigma': 1.0, 'mlp_noise_dim': 100, 'pooling': 'last'}",0.001,0.0001,66,0.4951810538768768,0.4905032932758331,204.88499880000015,ok
sequential_engression,"{'input_dim': 2, 'output_dim': 1, 'sequence_length': 10, 'gru_hidden_size': 64, 'mlp_hidden_dim': [32, 32], 'mlp_sigma': 1.0, 'mlp_noise_dim': 100, 'pooling': 'static_softmax'}",0.001,0.0001,22,0.495263360440731,0.5032558172941208,113.59031519998098,ok
sequential_engression,"{'input_dim': 2, 'output_dim': 1, 'sequence_length': 10, 'gru_hidden_size': 64, 'mlp_hidden_dim': [64, 64], 'mlp_sigma': 1.0, 'mlp_noise_dim': 100, 'pooling': 'last'}",0.001,0.0001,36,0.4933547042310238,0.4916834563016891,143.18648329999996,ok
sequential_engression,"{'input_dim': 2, 'output_dim': 1, 'sequence_length': 10, 'gru_hidden_size': 64, 'mlp_hidden_dim': [64, 64], 'mlp_sigma': 1.0, 'mlp_noise_dim': 100, 'pooling': 'static_softmax'}",0.001,0.0001,40,0.4942635670304298,0.4997170150279998,157.5427672000369,ok
sequential_engression,"{'input_dim': 2, 'output_dim': 1, 'sequence_length': 10, 'gru_hidden_size': 128, 'mlp_hidden_dim': 64, 'mlp_sigma': 1.0, 'mlp_noise_dim': 100, 'pooling': 'last'}",0.001,0.0001,64,0.4942665100097656,0.4824677124619484,359.1146784999873,ok
sequential_engression,"{'input_dim': 2, 'output_dim': 1, 'sequence_length': 10, 'gru_hidden_size': 128, 'mlp_hidden_dim': 64, 'mlp_sigma': 1.0, 'mlp_noise_dim': 100, 'pooling': 'static_softmax'}",0.001,0.0001,64,0.4935635700821876,0.4977596014738082,370.2659253000165,ok
sequential_engression,"{'input_dim': 2, 'output_dim': 1, 'sequence_length': 10, 'gru_hidden_size': 128, 'mlp_hidden_dim': [32, 32], 'mlp_sigma': 1.0, 'mlp_noise_dim': 100, 'pooling': 'last'}",0.001,0.0001,30,0.4962089285254478,0.5004018262028694,230.25076409999747,ok
sequential_engression,"{'input_dim': 2, 'output_dim': 1, 'sequence_length': 10, 'gru_hidden_size': 128, 'mlp_hidden_dim': [32, 32], 'mlp_sigma': 1.0, 'mlp_noise_dim': 100, 'pooling': 'static_softmax'}",0.001,0.0001,82,0.493213802576065,0.4868278339505195,442.98428200004855,ok
sequential_engression,"{'input_dim': 2, 'output_dim': 1, 'sequence_length': 10, 'gru_hidden_size': 128, 'mlp_hidden_dim': [64, 64], 'mlp_sigma': 1.0, 'mlp_noise_dim': 100, 'pooling': 'last'}",0.001,0.0001,40,0.4928164929151535,0.4868902653455734,268.8247628999525,ok
sequential_engression,"{'input_dim': 2, 'output_dim': 1, 'sequence_length': 10, 'gru_hidden_size': 128, 'mlp_hidden_dim': [64, 64], 'mlp_sigma': 1.0, 'mlp_noise_dim': 100, 'pooling': 'static_softmax'}",0.001,0.0001,54,0.4942499361932277,0.4983130097389221,333.65147889999207,ok
sequential_engression,"{'input_dim': 2, 'output_dim': 1, 'sequence_length': 10, 'gru_hidden_size': [64, 64], 'mlp_hidden_dim': 64, 'mlp_sigma': 1.0, 'mlp_noise_dim': 100, 'pooling': 'last'}",0.001,0.0001,72,0.4940419718623161,0.5006996557116509,378.6929838000215,ok
sequential_engression,"{'input_dim': 2, 'output_dim': 1, 'sequence_length': 10, 'gru_hidden_size': [64, 64], 'mlp_hidden_dim': 64, 'mlp_sigma': 1.0, 'mlp_noise_dim': 100, 'pooling': 'static_softmax'}",0.001,0.0001,12,0.4958541840314865,0.4961171463131905,157.9571345000295,ok
sequential_engression,"{'input_dim': 2, 'output_dim': 1, 'sequence_length': 10, 'gru_hidden_size': [64, 64], 'mlp_hidden_dim': [32, 32], 'mlp_sigma': 1.0, 'mlp_noise_dim': 100, 'pooling': 'last'}",0.001,0.0001,68,0.4944721534848213,0.4848573043942451,363.7875753000262,ok
sequential_engression,"{'input_dim': 2, 'output_dim': 1, 'sequence_length': 10, 'gru_hidden_size': [64, 64], 'mlp_hidden_dim': [32, 32], 'mlp_sigma': 1.0, 'mlp_noise_dim': 100, 'pooling': 'static_softmax'}",0.001,0.0001,24,0.4967213571071625,0.4802512049674988,200.8110914999852,ok
sequential_engression,"{'input_dim': 2, 'output_dim': 1, 'sequence_length': 10, 'gru_hidden_size': [64, 64], 'mlp_hidden_dim': [64, 64], 'mlp_sigma': 1.0, 'mlp_noise_dim': 100, 'pooling': 'last'}",0.001,0.0001,40,0.4950584135949611,0.4910248175263405,259.6679658999783,ok
sequential_engression,"{'input_dim': 2, 'output_dim': 1, 'sequence_length': 10, 'gru_hidden_size': [64, 64], 'mlp_hidden_dim': [64, 64], 'mlp_sigma': 1.0, 'mlp_noise_dim': 100, 'pooling': 'static_softmax'}",0.001,0.0001,20,0.4950720742344856,0.4860430672764778,188.10893039999064,ok
sequential_engression,"{'input_dim': 2, 'output_dim': 1, 'sequence_length': 10, 'gru_hidden_size': 64, 'mlp_hidden_dim': 64, 'mlp_sigma': 1.0, 'mlp_noise_dim': 100, 'pooling': 'last'}",0.0005,0.0,106,0.4934002831578254,0.4923628643155098,292.6799907999812,ok
sequential_engression,"{'input_dim': 2, 'output_dim': 1, 'sequence_length': 10, 'gru_hidden_size': 64, 'mlp_hidden_dim': 64, 'mlp_sigma': 1.0, 'mlp_noise_dim': 100, 'pooling': 'static_softmax'}",0.0005,0.0,30,0.4974965713918209,0.4974580124020576,134.00517379998928,ok
sequential_engression,"{'input_dim': 2, 'output_dim': 1, 'sequence_length': 10, 'gru_hidden_size': 64, 'mlp_hidden_dim': [32, 32], 'mlp_sigma': 1.0, 'mlp_noise_dim': 100, 'pooling': 'last'}",0.0005,0.0,52,0.4951026812195778,0.4946248188614845,175.13279840000905,ok
sequential_engression,"{'input_dim': 2, 'output_dim': 1, 'sequence_length': 10, 'gru_hidden_size': 64, 'mlp_hidden_dim': [32, 32], 'mlp_sigma': 1.0, 'mlp_noise_dim': 100, 'pooling': 'static_softmax'}",0.0005,0.0,50,0.4949262216687202,0.484449353814125,173.96265250002034,ok
sequential_engression,"{'input_dim': 2, 'output_dim': 1, 'sequence_length': 10, 'gru_hidden_size': 64, 'mlp_hidden_dim': [64, 64], 'mlp_sigma': 1.0, 'mlp_noise_dim': 100, 'pooling': 'last'}",0.0005,0.0,78,0.4964751563966274,0.4937270238995552,238.144066000008,ok
sequential_engression,"{'input_dim': 2, 'output_dim': 1, 'sequence_length': 10, 'gru_hidden_size': 64, 'mlp_hidden_dim': [64, 64], 'mlp_sigma': 1.0, 'mlp_noise_dim': 100, 'pooling': 'static_softmax'}",0.0005,0.0,78,0.4928099773824215,0.4920397624373436,247.3015814999817,ok
sequential_engression,"{'input_dim': 2, 'output_dim': 1, 'sequence_length': 10, 'gru_hidden_size': 128, 'mlp_hidden_dim': 64, 'mlp_sigma': 1.0, 'mlp_noise_dim': 100, 'pooling': 'last'}",0.0005,0.0,106,0.4931601360440254,0.4971261635422707,529.9139580000192,ok
sequential_engression,"{'input_dim': 2, 'output_dim': 1, 'sequence_length': 10, 'gru_hidden_size': 128, 'mlp_hidden_dim': 64, 'mlp_sigma': 1.0, 'mlp_noise_dim': 100, 'pooling': 'static_softmax'}",0.0005,0.0,96,0.4941305816173553,0.4821314215660095,505.0237596000079,ok
sequential_engression,"{'input_dim': 2, 'output_dim': 1, 'sequence_length': 10, 'gru_hidden_size': 128, 'mlp_hidden_dim': [32, 32], 'mlp_sigma': 1.0, 'mlp_noise_dim': 100, 'pooling': 'last'}",0.0005,0.0,92,0.4915257878601551,0.4868389621376991,474.1653775000013,ok
sequential_engression,"{'input_dim': 2, 'output_dim': 1, 'sequence_length': 10, 'gru_hidden_size': 128, 'mlp_hidden_dim': [32, 32], 'mlp_sigma': 1.0, 'mlp_noise_dim': 100, 'pooling': 'static_softmax'}",0.0005,0.0,70,0.4940462484955787,0.5007776007056236,400.3081360000069,ok
sequential_engression,"{'input_dim': 2, 'output_dim': 1, 'sequence_length': 10, 'gru_hidden_size': 128, 'mlp_hidden_dim': [64, 64], 'mlp_sigma': 1.0, 'mlp_noise_dim': 100, 'pooling': 'last'}",0.0005,0.0,36,0.4930167086422443,0.4959554821252823,263.2667175999959,ok
sequential_engression,"{'input_dim': 2, 'output_dim': 1, 'sequence_length': 10, 'gru_hidden_size': 128, 'mlp_hidden_dim': [64, 64], 'mlp_sigma': 1.0, 'mlp_noise_dim': 100, 'pooling': 'static_softmax'}",0.0005,0.0,64,0.4950954876840114,0.4948301538825035,378.4016991999815,ok
sequential_engression,"{'input_dim': 2, 'output_dim': 1, 'sequence_length': 10, 'gru_hidden_size': [64, 64], 'mlp_hidden_dim': 64, 'mlp_sigma': 1.0, 'mlp_noise_dim': 100, 'pooling': 'last'}",0.0005,0.0,84,0.4940386153757572,0.4950161144137383,423.2778461000416,ok
sequential_engression,"{'input_dim': 2, 'output_dim': 1, 'sequence_length': 10, 'gru_hidden_size': [64, 64], 'mlp_hidden_dim': 64, 'mlp_sigma': 1.0, 'mlp_noise_dim': 100, 'pooling': 'static_softmax'}",0.0005,0.0,76,0.4911271296441555,0.4818345263600349,403.7599610000034,ok
sequential_engression,"{'input_dim': 2, 'output_dim': 1, 'sequence_length': 10, 'gru_hidden_size': [64, 64], 'mlp_hidden_dim': [32, 32], 'mlp_sigma': 1.0, 'mlp_noise_dim': 100, 'pooling': 'last'}",0.0005,0.0,60,0.4948528446257114,0.4948199361562729,339.1656557000242,ok
sequential_engression,"{'input_dim': 2, 'output_dim': 1, 'sequence_length': 10, 'gru_hidden_size': [64, 64], 'mlp_hidden_dim': [32, 32], 'mlp_sigma': 1.0, 'mlp_noise_dim': 100, 'pooling': 'static_softmax'}",0.0005,0.0,82,0.4942926242947578,0.4891052275896072,424.319991700002,ok
sequential_engression,"{'input_dim': 2, 'output_dim': 1, 'sequence_length': 10, 'gru_hidden_size': [64, 64], 'mlp_hidden_dim': [64, 64], 'mlp_sigma': 1.0, 'mlp_noise_dim': 100, 'pooling': 'last'}",0.0005,0.0,42,0.4961601831018924,0.503136919438839,269.8417358000297,ok
sequential_engression,"{'input_dim': 2, 'output_dim': 1, 'sequence_length': 10, 'gru_hidden_size': [64, 64], 'mlp_hidden_dim': [64, 64], 'mlp_sigma': 1.0, 'mlp_noise_dim': 100, 'pooling': 'static_softmax'}",0.0005,0.0,36,0.4958565346896648,0.4989980161190033,252.0141094000428,ok
sequential_engression,"{'input_dim': 2, 'output_dim': 1, 'sequence_length': 10, 'gru_hidden_size': 64, 'mlp_hidden_dim': 64, 'mlp_sigma': 1.0, 'mlp_noise_dim': 100, 'pooling': 'last'}",0.0005,0.0001,42,0.4983678646385669,0.4838528051972389,155.97754389996408,ok
sequential_engression,"{'input_dim': 2, 'output_dim': 1, 'sequence_length': 10, 'gru_hidden_size': 64, 'mlp_hidden_dim': 64, 'mlp_sigma': 1.0, 'mlp_noise_dim': 100, 'pooling': 'static_softmax'}",0.0005,0.0001,124,0.4904105253517627,0.4985545173287392,348.33430739998585,ok
sequential_engression,"{'input_dim': 2, 'output_dim': 1, 'sequence_length': 10, 'gru_hidden_size': 64, 'mlp_hidden_dim': [32, 32], 'mlp_sigma': 1.0, 'mlp_noise_dim': 100, 'pooling': 'last'}",0.0005,0.0001,36,0.4936076402664184,0.4925916448235511,142.79521389998263,ok
sequential_engression,"{'input_dim': 2, 'output_dim': 1, 'sequence_length': 10, 'gru_hidden_size': 64, 'mlp_hidden_dim': [32, 32], 'mlp_sigma': 1.0, 'mlp_noise_dim': 100, 'pooling': 'static_softmax'}",0.0005,0.0001,36,0.4970724172890186,0.4918525487184524,145.75316850002855,ok
sequential_engression,"{'input_dim': 2, 'output_dim': 1, 'sequence_length': 10, 'gru_hidden_size': 64, 'mlp_hidden_dim': [64, 64], 'mlp_sigma': 1.0, 'mlp_noise_dim': 100, 'pooling': 'last'}",0.0005,0.0001,60,0.4953910857439041,0.4882100820541382,198.08857719996013,ok
sequential_engression,"{'input_dim': 2, 'output_dim': 1, 'sequence_length': 10, 'gru_hidden_size': 64, 'mlp_hidden_dim': [64, 64], 'mlp_sigma': 1.0, 'mlp_noise_dim': 100, 'pooling': 'static_softmax'}",0.0005,0.0001,36,0.4952964633703232,0.4907924637198448,149.69524169998476,ok
sequential_engression,"{'input_dim': 2, 'output_dim': 1, 'sequence_length': 10, 'gru_hidden_size': 128, 'mlp_hidden_dim': 64, 'mlp_sigma': 1.0, 'mlp_noise_dim': 100, 'pooling': 'last'}",0.0005,0.0001,62,0.4962111301720142,0.4871957495808601,356.42890709999483,ok
sequential_engression,"{'input_dim': 2, 'output_dim': 1, 'sequence_length': 10, 'gru_hidden_size': 128, 'mlp_hidden_dim': 64, 'mlp_sigma': 1.0, 'mlp_noise_dim': 100, 'pooling': 'static_softmax'}",0.0005,0.0001,74,0.4924215525388717,0.5038020670413971,415.8786601999891,ok
sequential_engression,"{'input_dim': 2, 'output_dim': 1, 'sequence_length': 10, 'gru_hidden_size': 128, 'mlp_hidden_dim': [32, 32], 'mlp_sigma': 1.0, 'mlp_noise_dim': 100, 'pooling': 'last'}",0.0005,0.0001,68,0.4952899627387523,0.4874095752835273,381.9177475999458,ok
sequential_engression,"{'input_dim': 2, 'output_dim': 1, 'sequence_length': 10, 'gru_hidden_size': 128, 'mlp_hidden_dim': [32, 32], 'mlp_sigma': 1.0, 'mlp_noise_dim': 100, 'pooling': 'static_softmax'}",0.0005,0.0001,64,0.4954066760838032,0.4897328481078148,374.9613085999736,ok
sequential_engression,"{'input_dim': 2, 'output_dim': 1, 'sequence_length': 10, 'gru_hidden_size': 128, 'mlp_hidden_dim': [64, 64], 'mlp_sigma': 1.0, 'mlp_noise_dim': 100, 'pooling': 'last'}",0.0005,0.0001,86,0.4946551918983459,0.4932678997516632,452.27322309999727,ok
sequential_engression,"{'input_dim': 2, 'output_dim': 1, 'sequence_length': 10, 'gru_hidden_size': 128, 'mlp_hidden_dim': [64, 64], 'mlp_sigma': 1.0, 'mlp_noise_dim': 100, 'pooling': 'static_softmax'}",0.0005,0.0001,86,0.4933136254549026,0.4847358703613281,467.9602865999914,ok
sequential_engression,"{'input_dim': 2, 'output_dim': 1, 'sequence_length': 10, 'gru_hidden_size': [64, 64], 'mlp_hidden_dim': 64, 'mlp_sigma': 1.0, 'mlp_noise_dim': 100, 'pooling': 'last'}",0.0005,0.0001,56,0.4966472461819649,0.4953055366873741,319.50681009999244,ok
sequential_engression,"{'input_dim': 2, 'output_dim': 1, 'sequence_length': 10, 'gru_hidden_size': [64, 64], 'mlp_hidden_dim': 64, 'mlp_sigma': 1.0, 'mlp_noise_dim': 100, 'pooling': 'static_softmax'}",0.0005,0.0001,86,0.4936742894351482,0.4930278122425079,442.08484560000943,ok
sequential_engression,"{'input_dim': 2, 'output_dim': 1, 'sequence_length': 10, 'gru_hidden_size': [64, 64], 'mlp_hidden_dim': [32, 32], 'mlp_sigma': 1.0, 'mlp_noise_dim': 100, 'pooling': 'last'}",0.0005,0.0001,28,0.4982185177505016,0.4904972076416015,218.25349729997103,ok
sequential_engression,"{'input_dim': 2, 'output_dim': 1, 'sequence_length': 10, 'gru_hidden_size': [64, 64], 'mlp_hidden_dim': [32, 32], 'mlp_sigma': 1.0, 'mlp_noise_dim': 100, 'pooling': 'static_softmax'}",0.0005,0.0001,62,0.4951835721731186,0.4883880198001861,349.40981360001024,ok
sequential_engression,"{'input_dim': 2, 'output_dim': 1, 'sequence_length': 10, 'gru_hidden_size': [64, 64], 'mlp_hidden_dim': [64, 64], 'mlp_sigma': 1.0, 'mlp_noise_dim': 100, 'pooling': 'last'}",0.0005,0.0001,74,0.4939839281141758,0.4971226379275322,388.79401389998384,ok
sequential_engression,"{'input_dim': 2, 'output_dim': 1, 'sequence_length': 10, 'gru_hidden_size': [64, 64], 'mlp_hidden_dim': [64, 64], 'mlp_sigma': 1.0, 'mlp_noise_dim': 100, 'pooling': 'static_softmax'}",0.0005,0.0001,32,0.4959900490939617,0.4923528626561165,235.45208029996135,ok
h_sequential_engression,"{'input_dim': 2, 'output_dim': 1, 'sequence_length': 10, 'gru_hidden_size': 64, 'mlp_hidden_dim': 64, 'mlp_noise_dim': 100, 'mlp_noise_representation': 'scalar', 'pooling': 'last'}",0.001,0.0,54,0.4941415227949619,0.4752455204725265,215.95051520003472,ok
h_sequential_engression,"{'input_dim': 2, 'output_dim': 1, 'sequence_length': 10, 'gru_hidden_size': 64, 'mlp_hidden_dim': 64, 'mlp_noise_dim': 100, 'mlp_noise_representation': 'scalar', 'pooling': 'static_softmax'}",0.001,0.0,44,0.4929707385599613,0.4957882687449455,193.05148179997923,ok
h_sequential_engression,"{'input_dim': 2, 'output_dim': 1, 'sequence_length': 10, 'gru_hidden_size': 64, 'mlp_hidden_dim': 64, 'mlp_noise_dim': 100, 'mlp_noise_representation': 'vector', 'pooling': 'last'}",0.001,0.0,60,0.4939748011529445,0.4878709390759468,235.408411499986,ok
h_sequential_engression,"{'input_dim': 2, 'output_dim': 1, 'sequence_length': 10, 'gru_hidden_size': 64, 'mlp_hidden_dim': 64, 'mlp_noise_dim': 100, 'mlp_noise_representation': 'vector', 'pooling': 'static_softmax'}",0.001,0.0,68,0.4927028305828571,0.4977701470255852,265.3682661000057,ok
h_sequential_engression,"{'input_dim': 2, 'output_dim': 1, 'sequence_length': 10, 'gru_hidden_size': 64, 'mlp_hidden_dim': [32, 32], 'mlp_noise_dim': 100, 'mlp_noise_representation': 'scalar', 'pooling': 'last'}",0.001,0.0,28,0.4950195699930191,0.4895346209406853,145.39817760000005,ok
h_sequential_engression,"{'input_dim': 2, 'output_dim': 1, 'sequence_length': 10, 'gru_hidden_size': 64, 'mlp_hidden_dim': [32, 32], 'mlp_noise_dim': 100, 'mlp_noise_representation': 'scalar', 'pooling': 'static_softmax'}",0.001,0.0,34,0.4914595335721969,0.5047867804765701,166.50214039999992,ok
h_sequential_engression,"{'input_dim': 2, 'output_dim': 1, 'sequence_length': 10, 'gru_hidden_size': 64, 'mlp_hidden_dim': [32, 32], 'mlp_noise_dim': 100, 'mlp_noise_representation': 'vector', 'pooling': 'last'}",0.001,0.0,64,0.4924914203584194,0.5005169630050659,246.22671269997957,ok
h_sequential_engression,"{'input_dim': 2, 'output_dim': 1, 'sequence_length': 10, 'gru_hidden_size': 64, 'mlp_hidden_dim': [32, 32], 'mlp_noise_dim': 100, 'mlp_noise_representation': 'vector', 'pooling': 'static_softmax'}",0.001,0.0,20,0.496694054454565,0.4926251038908958,129.13758330000564,ok
h_sequential_engression,"{'input_dim': 2, 'output_dim': 1, 'sequence_length': 10, 'gru_hidden_size': 64, 'mlp_hidden_dim': [64, 64], 'mlp_noise_dim': 100, 'mlp_noise_representation': 'scalar', 'pooling': 'last'}",0.001,0.0,24,0.4948650263249874,0.4994036227464676,129.64046630001394,ok
h_sequential_engression,"{'input_dim': 2, 'output_dim': 1, 'sequence_length': 10, 'gru_hidden_size': 64, 'mlp_hidden_dim': [64, 64], 'mlp_noise_dim': 100, 'mlp_noise_representation': 'scalar', 'pooling': 'static_softmax'}",0.001,0.0,68,0.4904802665114403,0.4862711429595947,243.2051220999565,ok
h_sequential_engression,"{'input_dim': 2, 'output_dim': 1, 'sequence_length': 10, 'gru_hidden_size': 64, 'mlp_hidden_dim': [64, 64], 'mlp_noise_dim': 100, 'mlp_noise_representation': 'vector', 'pooling': 'last'}",0.001,0.0,38,0.4956879019737243,0.5016877084970475,169.9383142000297,ok
h_sequential_engression,"{'input_dim': 2, 'output_dim': 1, 'sequence_length': 10, 'gru_hidden_size': 64, 'mlp_hidden_dim': [64, 64], 'mlp_noise_dim': 100, 'mlp_noise_representation': 'vector', 'pooling': 'static_softmax'}",0.001,0.0,28,0.4935891069471836,0.4866360932588577,149.3485318000312,ok
h_sequential_engression,"{'input_dim': 2, 'output_dim': 1, 'sequence_length': 10, 'gru_hidden_size': 128, 'mlp_hidden_dim': 64, 'mlp_noise_dim': 100, 'mlp_noise_representation': 'scalar', 'pooling': 'last'}",0.001,0.0,32,0.4952591247856617,0.4939464643597603,259.8109276000177,ok
h_sequential_engression,"{'input_dim': 2, 'output_dim': 1, 'sequence_length': 10, 'gru_hidden_size': 128, 'mlp_hidden_dim': 64, 'mlp_noise_dim': 100, 'mlp_noise_representation': 'scalar', 'pooling': 'static_softmax'}",0.001,0.0,60,0.4932238645851612,0.487680946290493,390.5371966999956,ok
h_sequential_engression,"{'input_dim': 2, 'output_dim': 1, 'sequence_length': 10, 'gru_hidden_size': 128, 'mlp_hidden_dim': 64, 'mlp_noise_dim': 100, 'mlp_noise_representation': 'vector', 'pooling': 'last'}",0.001,0.0,44,0.4935174807906151,0.4856916472315788,319.1148740000208,ok
h_sequential_engression,"{'input_dim': 2, 'output_dim': 1, 'sequence_length': 10, 'gru_hidden_size': 128, 'mlp_hidden_dim': 64, 'mlp_noise_dim': 100, 'mlp_noise_representation': 'vector', 'pooling': 'static_softmax'}",0.001,0.0,44,0.4941539242863655,0.5011343851685524,327.49907240003813,ok
h_sequential_engression,"{'input_dim': 2, 'output_dim': 1, 'sequence_length': 10, 'gru_hidden_size': 128, 'mlp_hidden_dim': [32, 32], 'mlp_noise_dim': 100, 'mlp_noise_representation': 'scalar', 'pooling': 'last'}",0.001,0.0,54,0.4960346892476082,0.4988233253359794,353.9022582000471,ok
h_sequential_engression,"{'input_dim': 2, 'output_dim': 1, 'sequence_length': 10, 'gru_hidden_size': 128, 'mlp_hidden_dim': [32, 32], 'mlp_noise_dim': 100, 'mlp_noise_representation': 'scalar', 'pooling': 'static_softmax'}",0.001,0.0,48,0.4950479604303837,0.4876920700073242,338.21971290005604,ok
h_sequential_engression,"{'input_dim': 2, 'output_dim': 1, 'sequence_length': 10, 'gru_hidden_size': 128, 'mlp_hidden_dim': [32, 32], 'mlp_noise_dim': 100, 'mlp_noise_representation': 'vector', 'pooling': 'last'}",0.001,0.0,54,0.4945957399904728,0.4928580686450005,362.0270507999812,ok
h_sequential_engression,"{'input_dim': 2, 'output_dim': 1, 'sequence_length': 10, 'gru_hidden_size': 128, 'mlp_hidden_dim': [32, 32], 'mlp_noise_dim': 100, 'mlp_noise_representation': 'vector', 'pooling': 'static_softmax'}",0.001,0.0,56,0.4941807650029659,0.4896413654088974,381.2810241999687,ok
h_sequential_engression,"{'input_dim': 2, 'output_dim': 1, 'sequence_length': 10, 'gru_hidden_size': 128, 'mlp_hidden_dim': [64, 64], 'mlp_noise_dim': 100, 'mlp_noise_representation': 'scalar', 'pooling': 'last'}",0.001,0.0,64,0.494051668792963,0.4832766503095627,399.40851629996905,ok
h_sequential_engression,"{'input_dim': 2, 'output_dim': 1, 'sequence_length': 10, 'gru_hidden_size': 128, 'mlp_hidden_dim': [64, 64], 'mlp_noise_dim': 100, 'mlp_noise_representation': 'scalar', 'pooling': 'static_softmax'}",0.001,0.0,54,0.4922322891652584,0.4928345918655396,368.19685780000873,ok
h_sequential_engression,"{'input_dim': 2, 'output_dim': 1, 'sequence_length': 10, 'gru_hidden_size': 128, 'mlp_hidden_dim': [64, 64], 'mlp_noise_dim': 100, 'mlp_noise_representation': 'vector', 'pooling': 'last'}",0.001,0.0,82,0.4956203028559685,0.4986732915043831,488.1088732000208,ok
h_sequential_engression,"{'input_dim': 2, 'output_dim': 1, 'sequence_length': 10, 'gru_hidden_size': 128, 'mlp_hidden_dim': [64, 64], 'mlp_noise_dim': 100, 'mlp_noise_representation': 'vector', 'pooling': 'static_softmax'}",0.001,0.0,22,0.4958816654980182,0.4973929673433304,232.217600199976,ok
h_sequential_engression,"{'input_dim': 2, 'output_dim': 1, 'sequence_length': 10, 'gru_hidden_size': [64, 64], 'mlp_hidden_dim': 64, 'mlp_noise_dim': 100, 'mlp_noise_representation': 'scalar', 'pooling': 'last'}",0.001,0.0,92,0.4939303211867809,0.4910506293177604,492.8186540000024,ok
h_sequential_engression,"{'input_dim': 2, 'output_dim': 1, 'sequence_length': 10, 'gru_hidden_size': [64, 64], 'mlp_hidden_dim': 64, 'mlp_noise_dim': 100, 'mlp_noise_representation': 'scalar', 'pooling': 'static_softmax'}",0.001,0.0,30,0.4942541718482971,0.4980074271559715,248.1612420999445,ok
h_sequential_engression,"{'input_dim': 2, 'output_dim': 1, 'sequence_length': 10, 'gru_hidden_size': [64, 64], 'mlp_hidden_dim': 64, 'mlp_noise_dim': 100, 'mlp_noise_representation': 'vector', 'pooling': 'last'}",0.001,0.0,34,0.4934771209955215,0.4887470006942749,265.5017272999976,ok
h_sequential_engression,"{'input_dim': 2, 'output_dim': 1, 'sequence_length': 10, 'gru_hidden_size': [64, 64], 'mlp_hidden_dim': 64, 'mlp_noise_dim': 100, 'mlp_noise_representation': 'vector', 'pooling': 'static_softmax'}",0.001,0.0,68,0.4933100193738937,0.4988610848784446,414.37885849998565,ok
h_sequential_engression,"{'input_dim': 2, 'output_dim': 1, 'sequence_length': 10, 'gru_hidden_size': [64, 64], 'mlp_hidden_dim': [32, 32], 'mlp_noise_dim': 100, 'mlp_noise_representation': 'scalar', 'pooling': 'last'}",0.001,0.0,26,0.4930783025920391,0.4965185180306434,226.72902960004285,ok
h_sequential_engression,"{'input_dim': 2, 'output_dim': 1, 'sequence_length': 10, 'gru_hidden_size': [64, 64], 'mlp_hidden_dim': [32, 32], 'mlp_noise_dim': 100, 'mlp_noise_representation': 'scalar', 'pooling': 'static_softmax'}",0.001,0.0,68,0.4921468049287796,0.4925575420260429,406.3730590999476,ok
h_sequential_engression,"{'input_dim': 2, 'output_dim': 1, 'sequence_length': 10, 'gru_hidden_size': [64, 64], 'mlp_hidden_dim': [32, 32], 'mlp_noise_dim': 100, 'mlp_noise_representation': 'vector', 'pooling': 'last'}",0.001,0.0,40,0.4940535575151443,0.4974225431680679,289.53759670001455,ok
h_sequential_engression,"{'input_dim': 2, 'output_dim': 1, 'sequence_length': 10, 'gru_hidden_size': [64, 64], 'mlp_hidden_dim': [32, 32], 'mlp_noise_dim': 100, 'mlp_noise_representation': 'vector', 'pooling': 'static_softmax'}",0.001,0.0,42,0.493885338306427,0.4912903994321823,303.0738710000296,ok
h_sequential_engression,"{'input_dim': 2, 'output_dim': 1, 'sequence_length': 10, 'gru_hidden_size': [64, 64], 'mlp_hidden_dim': [64, 64], 'mlp_noise_dim': 100, 'mlp_noise_representation': 'scalar', 'pooling': 'last'}",0.001,0.0,72,0.4948072992265224,0.4960906744003296,414.82809180003824,ok
h_sequential_engression,"{'input_dim': 2, 'output_dim': 1, 'sequence_length': 10, 'gru_hidden_size': [64, 64], 'mlp_hidden_dim': [64, 64], 'mlp_noise_dim': 100, 'mlp_noise_representation': 'scalar', 'pooling': 'static_softmax'}",0.001,0.0,50,0.4943897798657417,0.482590152323246,331.2537837999989,ok
h_sequential_engression,"{'input_dim': 2, 'output_dim': 1, 'sequence_length': 10, 'gru_hidden_size': [64, 64], 'mlp_hidden_dim': [64, 64], 'mlp_noise_dim': 100, 'mlp_noise_representation': 'vector', 'pooling': 'last'}",0.001,0.0,40,0.4949211105704307,0.4960698798298836,292.149980599992,ok
h_sequential_engression,"{'input_dim': 2, 'output_dim': 1, 'sequence_length': 10, 'gru_hidden_size': [64, 64], 'mlp_hidden_dim': [64, 64], 'mlp_noise_dim': 100, 'mlp_noise_representation': 'vector', 'pooling': 'static_softmax'}",0.001,0.0,48,0.4925662688910961,0.4904912889003753,330.3009899000172,ok
h_sequential_engression,"{'input_dim': 2, 'output_dim': 1, 'sequence_length': 10, 'gru_hidden_size': 64, 'mlp_hidden_dim': 64, 'mlp_noise_dim': 100, 'mlp_noise_representation': 'scalar', 'pooling': 'last'}",0.001,0.0001,34,0.4940224327147007,0.4978171825408936,151.7210277999984,ok
h_sequential_engression,"{'input_dim': 2, 'output_dim': 1, 'sequence_length': 10, 'gru_hidden_size': 64, 'mlp_hidden_dim': 64, 'mlp_noise_dim': 100, 'mlp_noise_representation': 'scalar', 'pooling': 'static_softmax'}",0.001,0.0001,68,0.4905353933572769,0.4911583647131919,238.77970940002703,ok
h_sequential_engression,"{'input_dim': 2, 'output_dim': 1, 'sequence_length': 10, 'gru_hidden_size': 64, 'mlp_hidden_dim': 64, 'mlp_noise_dim': 100, 'mlp_noise_representation': 'vector', 'pooling': 'last'}",0.001,0.0001,46,0.4912202060222626,0.4856698885560035,185.7835229000193,ok
h_sequential_engression,"{'input_dim': 2, 'output_dim': 1, 'sequence_length': 10, 'gru_hidden_size': 64, 'mlp_hidden_dim': 64, 'mlp_noise_dim': 100, 'mlp_noise_representation': 'vector', 'pooling': 'static_softmax'}",0.001,0.0001,44,0.4927591942250728,0.4780213981866836,187.07544919999785,ok
h_sequential_engression,"{'input_dim': 2, 'output_dim': 1, 'sequence_length': 10, 'gru_hidden_size': 64, 'mlp_hidden_dim': [32, 32], 'mlp_noise_dim': 100, 'mlp_noise_representation': 'scalar', 'pooling': 'last'}",0.001,0.0001,92,0.4945522621273994,0.4772165730595589,284.6205203999998,ok
h_sequential_engression,"{'input_dim': 2, 'output_dim': 1, 'sequence_length': 10, 'gru_hidden_size': 64, 'mlp_hidden_dim': [32, 32], 'mlp_noise_dim': 100, 'mlp_noise_representation': 'scalar', 'pooling': 'static_softmax'}",0.001,0.0001,86,0.4935096018016338,0.4940606161952018,279.6385064999922,ok
h_sequential_engression,"{'input_dim': 2, 'output_dim': 1, 'sequence_length': 10, 'gru_hidden_size': 64, 'mlp_hidden_dim': [32, 32], 'mlp_noise_dim': 100, 'mlp_noise_representation': 'vector', 'pooling': 'last'}",0.001,0.0001,40,0.4921996891498565,0.5048684984445572,170.54703110002447,ok
h_sequential_engression,"{'input_dim': 2, 'output_dim': 1, 'sequence_length': 10, 'gru_hidden_size': 64, 'mlp_hidden_dim': [32, 32], 'mlp_noise_dim': 100, 'mlp_noise_representation': 'vector', 'pooling': 'static_softmax'}",0.001,0.0001,38,0.4959908649325371,0.4737172871828079,169.95761919999495,ok
h_sequential_engression,"{'input_dim': 2, 'output_dim': 1, 'sequence_length': 10, 'gru_hidden_size': 64, 'mlp_hidden_dim': [64, 64], 'mlp_noise_dim': 100, 'mlp_noise_representation': 'scalar', 'pooling': 'last'}",0.001,0.0001,50,0.4957816004753113,0.5016355112195015,189.61581950000252,ok
h_sequential_engression,"{'input_dim': 2, 'output_dim': 1, 'sequence_length': 10, 'gru_hidden_size': 64, 'mlp_hidden_dim': [64, 64], 'mlp_noise_dim': 100, 'mlp_noise_representation': 'scalar', 'pooling': 'static_softmax'}",0.001,0.0001,50,0.494190189987421,0.5013920649886131,195.9082969999872,ok
h_sequential_engression,"{'input_dim': 2, 'output_dim': 1, 'sequence_length': 10, 'gru_hidden_size': 64, 'mlp_hidden_dim': [64, 64], 'mlp_noise_dim': 100, 'mlp_noise_representation': 'vector', 'pooling': 'last'}",0.001,0.0001,24,0.4944525845348835,0.4923027917742729,133.01032609998947,ok
h_sequential_engression,"{'input_dim': 2, 'output_dim': 1, 'sequence_length': 10, 'gru_hidden_size': 64, 'mlp_hidden_dim': [64, 64], 'mlp_noise_dim': 100, 'mlp_noise_representation': 'vector', 'pooling': 'static_softmax'}",0.001,0.0001,54,0.4948541931807995,0.4872067347168922,213.1436610000092,ok
h_sequential_engression,"{'input_dim': 2, 'output_dim': 1, 'sequence_length': 10, 'gru_hidden_size': 128, 'mlp_hidden_dim': 64, 'mlp_noise_dim': 100, 'mlp_noise_representation': 'scalar', 'pooling': 'last'}",0.001,0.0001,30,0.495644923299551,0.4880435705184937,249.12907679995988,ok
h_sequential_engression,"{'input_dim': 2, 'output_dim': 1, 'sequence_length': 10, 'gru_hidden_size': 128, 'mlp_hidden_dim': 64, 'mlp_noise_dim': 100, 'mlp_noise_representation': 'scalar', 'pooling': 'static_softmax'}",0.001,0.0001,12,0.4937011376023292,0.4974739015102386,178.717943799973,ok
h_sequential_engression,"{'input_dim': 2, 'output_dim': 1, 'sequence_length': 10, 'gru_hidden_size': 128, 'mlp_hidden_dim': 64, 'mlp_noise_dim': 100, 'mlp_noise_representation': 'vector', 'pooling': 'last'}",0.001,0.0001,26,0.4946849569678306,0.4976454794406891,237.4055862000096,ok
h_sequential_engression,"{'input_dim': 2, 'output_dim': 1, 'sequence_length': 10, 'gru_hidden_size': 128, 'mlp_hidden_dim': 64, 'mlp_noise_dim': 100, 'mlp_noise_representation': 'vector', 'pooling': 'static_softmax'}",0.001,0.0001,24,0.4947956725955009,0.4941828623414039,235.88948190002705,ok
h_sequential_engression,"{'input_dim': 2, 'output_dim': 1, 'sequence_length': 10, 'gru_hidden_size': 128, 'mlp_hidden_dim': [32, 32], 'mlp_noise_dim': 100, 'mlp_noise_representation': 'scalar', 'pooling': 'last'}",0.001,0.0001,72,0.4942016154527664,0.4891034096479416,422.8303157999762,ok
h_sequential_engression,"{'input_dim': 2, 'output_dim': 1, 'sequence_length': 10, 'gru_hidden_size': 128, 'mlp_hidden_dim': [32, 32], 'mlp_noise_dim': 100, 'mlp_noise_representation': 'scalar', 'pooling': 'static_softmax'}",0.001,0.0001,64,0.4942092932760715,0.4989383220672607,402.4637530000182,ok
h_sequential_engression,"{'input_dim': 2, 'output_dim': 1, 'sequence_length': 10, 'gru_hidden_size': 128, 'mlp_hidden_dim': [32, 32], 'mlp_noise_dim': 100, 'mlp_noise_representation': 'vector', 'pooling': 'last'}",0.001,0.0001,56,0.4940626211464405,0.4779391840100288,365.47209760005353,ok
h_sequential_engression,"{'input_dim': 2, 'output_dim': 1, 'sequence_length': 10, 'gru_hidden_size': 128, 'mlp_hidden_dim': [32, 32], 'mlp_noise_dim': 100, 'mlp_noise_representation': 'vector', 'pooling': 'static_softmax'}",0.001,0.0001,22,0.4943506978452205,0.4932310581207275,227.5403004999971,ok
h_sequential_engression,"{'input_dim': 2, 'output_dim': 1, 'sequence_length': 10, 'gru_hidden_size': 128, 'mlp_hidden_dim': [64, 64], 'mlp_noise_dim': 100, 'mlp_noise_representation': 'scalar', 'pooling': 'last'}",0.001,0.0001,42,0.4922617152333259,0.488852746784687,301.33359429996926,ok
h_sequential_engression,"{'input_dim': 2, 'output_dim': 1, 'sequence_length': 10, 'gru_hidden_size': 128, 'mlp_hidden_dim': [64, 64], 'mlp_noise_dim': 100, 'mlp_noise_representation': 'scalar', 'pooling': 'static_softmax'}",0.001,0.0001,36,0.4940286837518215,0.4930609062314033,284.1652363000321,ok
h_sequential_engression,"{'input_dim': 2, 'output_dim': 1, 'sequence_length': 10, 'gru_hidden_size': 128, 'mlp_hidden_dim': [64, 64], 'mlp_noise_dim': 100, 'mlp_noise_representation': 'vector', 'pooling': 'last'}",0.001,0.0001,18,0.4956856369972229,0.4918009012937546,205.0390079999925,ok
h_sequential_engression,"{'input_dim': 2, 'output_dim': 1, 'sequence_length': 10, 'gru_hidden_size': 128, 'mlp_hidden_dim': [64, 64], 'mlp_noise_dim': 100, 'mlp_noise_representation': 'vector', 'pooling': 'static_softmax'}",0.001,0.0001,46,0.4930400513112545,0.501811283826828,335.86050030001206,ok
h_sequential_engression,"{'input_dim': 2, 'output_dim': 1, 'sequence_length': 10, 'gru_hidden_size': [64, 64], 'mlp_hidden_dim': 64, 'mlp_noise_dim': 100, 'mlp_noise_representation': 'scalar', 'pooling': 'last'}",0.001,0.0001,24,0.4969984367489815,0.4968371272087097,217.410240600002,ok
h_sequential_engression,"{'input_dim': 2, 'output_dim': 1, 'sequence_length': 10, 'gru_hidden_size': [64, 64], 'mlp_hidden_dim': 64, 'mlp_noise_dim': 100, 'mlp_noise_representation': 'scalar', 'pooling': 'static_softmax'}",0.001,0.0001,84,0.4918779730796814,0.4936675444245338,468.3368981999811,ok
h_sequential_engression,"{'input_dim': 2, 'output_dim': 1, 'sequence_length': 10, 'gru_hidden_size': [64, 64], 'mlp_hidden_dim': 64, 'mlp_noise_dim': 100, 'mlp_noise_representation': 'vector', 'pooling': 'last'}",0.001,0.0001,66,0.4923429451882839,0.4825099736452102,398.9750023000525,ok
h_sequential_engression,"{'input_dim': 2, 'output_dim': 1, 'sequence_length': 10, 'gru_hidden_size': [64, 64], 'mlp_hidden_dim': 64, 'mlp_noise_dim': 100, 'mlp_noise_representation': 'vector', 'pooling': 'static_softmax'}",0.001,0.0001,22,0.4940289556980133,0.4798006564378738,219.7511137999827,ok
h_sequential_engression,"{'input_dim': 2, 'output_dim': 1, 'sequence_length': 10, 'gru_hidden_size': [64, 64], 'mlp_hidden_dim': [32, 32], 'mlp_noise_dim': 100, 'mlp_noise_representation': 'scalar', 'pooling': 'last'}",0.001,0.0001,46,0.4912908039987087,0.4891832873225212,308.4994442999596,ok
h_sequential_engression,"{'input_dim': 2, 'output_dim': 1, 'sequence_length': 10, 'gru_hidden_size': [64, 64], 'mlp_hidden_dim': [32, 32], 'mlp_noise_dim': 100, 'mlp_noise_representation': 'scalar', 'pooling': 'static_softmax'}",0.001,0.0001,26,0.4943353682756424,0.5002720803022385,231.1320049999631,ok
h_sequential_engression,"{'input_dim': 2, 'output_dim': 1, 'sequence_length': 10, 'gru_hidden_size': [64, 64], 'mlp_hidden_dim': [32, 32], 'mlp_noise_dim': 100, 'mlp_noise_representation': 'vector', 'pooling': 'last'}",0.001,0.0001,30,0.4940860569477081,0.4894759297370911,248.72010070004035,ok
h_sequential_engression,"{'input_dim': 2, 'output_dim': 1, 'sequence_length': 10, 'gru_hidden_size': [64, 64], 'mlp_hidden_dim': [32, 32], 'mlp_noise_dim': 100, 'mlp_noise_representation': 'vector', 'pooling': 'static_softmax'}",0.001,0.0001,32,0.4933430142700672,0.4926174372434616,260.3360298000043,ok
h_sequential_engression,"{'input_dim': 2, 'output_dim': 1, 'sequence_length': 10, 'gru_hidden_size': [64, 64], 'mlp_hidden_dim': [64, 64], 'mlp_noise_dim': 100, 'mlp_noise_representation': 'scalar', 'pooling': 'last'}",0.001,0.0001,34,0.4941419661045074,0.4808893978595733,259.69155180000234,ok
h_sequential_engression,"{'input_dim': 2, 'output_dim': 1, 'sequence_length': 10, 'gru_hidden_size': [64, 64], 'mlp_hidden_dim': [64, 64], 'mlp_noise_dim': 100, 'mlp_noise_representation': 'scalar', 'pooling': 'static_softmax'}",0.001,0.0001,38,0.4945754036307335,0.4816329956054687,283.95463350001955,ok
h_sequential_engression,"{'input_dim': 2, 'output_dim': 1, 'sequence_length': 10, 'gru_hidden_size': [64, 64], 'mlp_hidden_dim': [64, 64], 'mlp_noise_dim': 100, 'mlp_noise_representation': 'vector', 'pooling': 'last'}",0.001,0.0001,36,0.496265310794115,0.4894409254193306,279.929539600038,ok
h_sequential_engression,"{'input_dim': 2, 'output_dim': 1, 'sequence_length': 10, 'gru_hidden_size': [64, 64], 'mlp_hidden_dim': [64, 64], 'mlp_noise_dim': 100, 'mlp_noise_representation': 'vector', 'pooling': 'static_softmax'}",0.001,0.0001,36,0.4956924840807915,0.4869407564401626,286.2600919000106,ok
h_sequential_engression,"{'input_dim': 2, 'output_dim': 1, 'sequence_length': 10, 'gru_hidden_size': 64, 'mlp_hidden_dim': 64, 'mlp_noise_dim': 100, 'mlp_noise_representation': 'scalar', 'pooling': 'last'}",0.0005,0.0,88,0.4936921335756778,0.4893509030342102,281.61604280001484,ok
h_sequential_engression,"{'input_dim': 2, 'output_dim': 1, 'sequence_length': 10, 'gru_hidden_size': 64, 'mlp_hidden_dim': 64, 'mlp_noise_dim': 100, 'mlp_noise_representation': 'scalar', 'pooling': 'static_softmax'}",0.0005,0.0,88,0.4932956285774708,0.4923106119036674,290.8874536000076,ok
h_sequential_engression,"{'input_dim': 2, 'output_dim': 1, 'sequence_length': 10, 'gru_hidden_size': 64, 'mlp_hidden_dim': 64, 'mlp_noise_dim': 100, 'mlp_noise_representation': 'vector', 'pooling': 'last'}",0.0005,0.0,100,0.4910749346017837,0.4970751509070396,322.9595094000106,ok
h_sequential_engression,"{'input_dim': 2, 'output_dim': 1, 'sequence_length': 10, 'gru_hidden_size': 64, 'mlp_hidden_dim': 64, 'mlp_noise_dim': 100, 'mlp_noise_representation': 'vector', 'pooling': 'static_softmax'}",0.0005,0.0,78,0.4927949607372284,0.4827932551503181,274.9851731000236,ok
h_sequential_engression,"{'input_dim': 2, 'output_dim': 1, 'sequence_length': 10, 'gru_hidden_size': 64, 'mlp_hidden_dim': [32, 32], 'mlp_noise_dim': 100, 'mlp_noise_representation': 'scalar', 'pooling': 'last'}",0.0005,0.0,60,0.4947265423834324,0.4966609358787536,214.87623739999253,ok
h_sequential_engression,"{'input_dim': 2, 'output_dim': 1, 'sequence_length': 10, 'gru_hidden_size': 64, 'mlp_hidden_dim': [32, 32], 'mlp_noise_dim': 100, 'mlp_noise_representation': 'scalar', 'pooling': 'static_softmax'}",0.0005,0.0,120,0.4929408952593803,0.4892155304551124,369.0294055000413,ok
h_sequential_engression,"{'input_dim': 2, 'output_dim': 1, 'sequence_length': 10, 'gru_hidden_size': 64, 'mlp_hidden_dim': [32, 32], 'mlp_noise_dim': 100, 'mlp_noise_representation': 'vector', 'pooling': 'last'}",0.0005,0.0,56,0.495466735213995,0.4925863623619079,213.26105920004196,ok
h_sequential_engression,"{'input_dim': 2, 'output_dim': 1, 'sequence_length': 10, 'gru_hidden_size': 64, 'mlp_hidden_dim': [32, 32], 'mlp_noise_dim': 100, 'mlp_noise_representation': 'vector', 'pooling': 'static_softmax'}",0.0005,0.0,116,0.4932176545262337,0.4803595900535583,371.2457312999759,ok
h_sequential_engression,"{'input_dim': 2, 'output_dim': 1, 'sequence_length': 10, 'gru_hidden_size': 64, 'mlp_hidden_dim': [64, 64], 'mlp_noise_dim': 100, 'mlp_noise_representation': 'scalar', 'pooling': 'last'}",0.0005,0.0,86,0.4934163466095924,0.4862910151481628,278.5372142000124,ok
h_sequential_engression,"{'input_dim': 2, 'output_dim': 1, 'sequence_length': 10, 'gru_hidden_size': 64, 'mlp_hidden_dim': [64, 64], 'mlp_noise_dim': 100, 'mlp_noise_representation': 'scalar', 'pooling': 'static_softmax'}",0.0005,0.0,62,0.492886833846569,0.491123229265213,226.2725629999768,ok
h_sequential_engression,"{'input_dim': 2, 'output_dim': 1, 'sequence_length': 10, 'gru_hidden_size': 64, 'mlp_hidden_dim': [64, 64], 'mlp_noise_dim': 100, 'mlp_noise_representation': 'vector', 'pooling': 'last'}",0.0005,0.0,60,0.4931932017207145,0.4888072475790977,223.3883415000164,ok
h_sequential_engression,"{'input_dim': 2, 'output_dim': 1, 'sequence_length': 10, 'gru_hidden_size': 64, 'mlp_hidden_dim': [64, 64], 'mlp_noise_dim': 100, 'mlp_noise_representation': 'vector', 'pooling': 'static_softmax'}",0.0005,0.0,66,0.4937733449041843,0.4903177484869957,246.40494390000825,ok
h_sequential_engression,"{'input_dim': 2, 'output_dim': 1, 'sequence_length': 10, 'gru_hidden_size': 128, 'mlp_hidden_dim': 64, 'mlp_noise_dim': 100, 'mlp_noise_representation': 'scalar', 'pooling': 'last'}",0.0005,0.0,46,0.495087381452322,0.4974262312054634,321.63226849999046,ok
h_sequential_engression,"{'input_dim': 2, 'output_dim': 1, 'sequence_length': 10, 'gru_hidden_size': 128, 'mlp_hidden_dim': 64, 'mlp_noise_dim': 100, 'mlp_noise_representation': 'scalar', 'pooling': 'static_softmax'}",0.0005,0.0,78,0.4918938428163528,0.4884482279419899,472.39114749996224,ok
h_sequential_engression,"{'input_dim': 2, 'output_dim': 1, 'sequence_length': 10, 'gru_hidden_size': 128, 'mlp_hidden_dim': 64, 'mlp_noise_dim': 100, 'mlp_noise_representation': 'vector', 'pooling': 'last'}",0.0005,0.0,76,0.4939381591975689,0.4884779721498489,458.3075906999875,ok
h_sequential_engression,"{'input_dim': 2, 'output_dim': 1, 'sequence_length': 10, 'gru_hidden_size': 128, 'mlp_hidden_dim': 64, 'mlp_noise_dim': 100, 'mlp_noise_representation': 'vector', 'pooling': 'static_softmax'}",0.0005,0.0,40,0.4923856668174267,0.4867314621806144,315.6061886000098,ok
h_sequential_engression,"{'input_dim': 2, 'output_dim': 1, 'sequence_length': 10, 'gru_hidden_size': 128, 'mlp_hidden_dim': [32, 32], 'mlp_noise_dim': 100, 'mlp_noise_representation': 'scalar', 'pooling': 'last'}",0.0005,0.0,44,0.4897680431604385,0.4918054983019829,313.3642925999593,ok
h_sequential_engression,"{'input_dim': 2, 'output_dim': 1, 'sequence_length': 10, 'gru_hidden_size': 128, 'mlp_hidden_dim': [32, 32], 'mlp_noise_dim': 100, 'mlp_noise_representation': 'scalar', 'pooling': 'static_softmax'}",0.0005,0.0,62,0.4941099211573601,0.4826590612530708,400.1488646999933,ok
h_sequential_engression,"{'input_dim': 2, 'output_dim': 1, 'sequence_length': 10, 'gru_hidden_size': 128, 'mlp_hidden_dim': [32, 32], 'mlp_noise_dim': 100, 'mlp_noise_representation': 'vector', 'pooling': 'last'}",0.0005,0.0,70,0.4921578839421272,0.4999247550964355,431.66009759996086,ok
h_sequential_engression,"{'input_dim': 2, 'output_dim': 1, 'sequence_length': 10, 'gru_hidden_size': 128, 'mlp_hidden_dim': [32, 32], 'mlp_noise_dim': 100, 'mlp_noise_representation': 'vector', 'pooling': 'static_softmax'}",0.0005,0.0,36,0.4958593249320984,0.4898254916071892,294.83801600005245,ok
h_sequential_engression,"{'input_dim': 2, 'output_dim': 1, 'sequence_length': 10, 'gru_hidden_size': 128, 'mlp_hidden_dim': [64, 64], 'mlp_noise_dim': 100, 'mlp_noise_representation': 'scalar', 'pooling': 'last'}",0.0005,0.0,38,0.4954100176692009,0.4939259752631187,289.6952295000083,ok
h_sequential_engression,"{'input_dim': 2, 'output_dim': 1, 'sequence_length': 10, 'gru_hidden_size': 128, 'mlp_hidden_dim': [64, 64], 'mlp_noise_dim': 100, 'mlp_noise_representation': 'scalar', 'pooling': 'static_softmax'}",0.0005,0.0,40,0.4919324405491352,0.4759850651025772,308.55479559995,ok
h_sequential_engression,"{'input_dim': 2, 'output_dim': 1, 'sequence_length': 10, 'gru_hidden_size': 128, 'mlp_hidden_dim': [64, 64], 'mlp_noise_dim': 100, 'mlp_noise_representation': 'vector', 'pooling': 'last'}",0.0005,0.0,64,0.4935656189918518,0.4819595292210579,410.6074743000208,ok
h_sequential_engression,"{'input_dim': 2, 'output_dim': 1, 'sequence_length': 10, 'gru_hidden_size': 128, 'mlp_hidden_dim': [64, 64], 'mlp_noise_dim': 100, 'mlp_noise_representation': 'vector', 'pooling': 'static_softmax'}",0.0005,0.0,44,0.4933835938572883,0.4935458719730377,332.7965236000018,ok
h_sequential_engression,"{'input_dim': 2, 'output_dim': 1, 'sequence_length': 10, 'gru_hidden_size': [64, 64], 'mlp_hidden_dim': 64, 'mlp_noise_dim': 100, 'mlp_noise_representation': 'scalar', 'pooling': 'last'}",0.0005,0.0,34,0.493542768061161,0.4874542012810707,258.2537730000331,ok
h_sequential_engression,"{'input_dim': 2, 'output_dim': 1, 'sequence_length': 10, 'gru_hidden_size': [64, 64], 'mlp_hidden_dim': 64, 'mlp_noise_dim': 100, 'mlp_noise_representation': 'scalar', 'pooling': 'static_softmax'}",0.0005,0.0,42,0.4938048161566257,0.4867851868271827,295.97570419998374,ok
h_sequential_engression,"{'input_dim': 2, 'output_dim': 1, 'sequence_length': 10, 'gru_hidden_size': [64, 64], 'mlp_hidden_dim': 64, 'mlp_noise_dim': 100, 'mlp_noise_representation': 'vector', 'pooling': 'last'}",0.0005,0.0,14,0.4980970956385135,0.5048832044005394,183.4932246999815,ok
h_sequential_engression,"{'input_dim': 2, 'output_dim': 1, 'sequence_length': 10, 'gru_hidden_size': [64, 64], 'mlp_hidden_dim': 64, 'mlp_noise_dim': 100, 'mlp_noise_representation': 'vector', 'pooling': 'static_softmax'}",0.0005,0.0,82,0.4893263764679432,0.4840860396623611,480.5983753000037,ok
h_sequential_engression,"{'input_dim': 2, 'output_dim': 1, 'sequence_length': 10, 'gru_hidden_size': [64, 64], 'mlp_hidden_dim': [32, 32], 'mlp_noise_dim': 100, 'mlp_noise_representation': 'scalar', 'pooling': 'last'}",0.0005,0.0,70,0.4915669932961464,0.5032005921006203,408.8640556999599,ok
h_sequential_engression,"{'input_dim': 2, 'output_dim': 1, 'sequence_length': 10, 'gru_hidden_size': [64, 64], 'mlp_hidden_dim': [32, 32], 'mlp_noise_dim': 100, 'mlp_noise_representation': 'scalar', 'pooling': 'static_softmax'}",0.0005,0.0,56,0.4927570037543773,0.4910204738378524,356.84790970000904,ok
h_sequential_engression,"{'input_dim': 2, 'output_dim': 1, 'sequence_length': 10, 'gru_hidden_size': [64, 64], 'mlp_hidden_dim': [32, 32], 'mlp_noise_dim': 100, 'mlp_noise_representation': 'vector', 'pooling': 'last'}",0.0005,0.0,52,0.4944116957485676,0.4853315591812134,342.11408450000454,ok
h_sequential_engression,"{'input_dim': 2, 'output_dim': 1, 'sequence_length': 10, 'gru_hidden_size': [64, 64], 'mlp_hidden_dim': [32, 32], 'mlp_noise_dim': 100, 'mlp_noise_representation': 'vector', 'pooling': 'static_softmax'}",0.0005,0.0,24,0.4966035075485706,0.4857061058282852,228.1728200999787,ok
h_sequential_engression,"{'input_dim': 2, 'output_dim': 1, 'sequence_length': 10, 'gru_hidden_size': [64, 64], 'mlp_hidden_dim': [64, 64], 'mlp_noise_dim': 100, 'mlp_noise_representation': 'scalar', 'pooling': 'last'}",0.0005,0.0,58,0.4947420731186867,0.4901025608181953,359.4218751000008,ok
h_sequential_engression,"{'input_dim': 2, 'output_dim': 1, 'sequence_length': 10, 'gru_hidden_size': [64, 64], 'mlp_hidden_dim': [64, 64], 'mlp_noise_dim': 100, 'mlp_noise_representation': 'scalar', 'pooling': 'static_softmax'}",0.0005,0.0,22,0.4967440366744995,0.4920938357710838,215.6023078000289,ok
h_sequential_engression,"{'input_dim': 2, 'output_dim': 1, 'sequence_length': 10, 'gru_hidden_size': [64, 64], 'mlp_hidden_dim': [64, 64], 'mlp_noise_dim': 100, 'mlp_noise_representation': 'vector', 'pooling': 'last'}",0.0005,0.0,50,0.4953755103051662,0.49500712454319,336.28502110001864,ok
h_sequential_engression,"{'input_dim': 2, 'output_dim': 1, 'sequence_length': 10, 'gru_hidden_size': [64, 64], 'mlp_hidden_dim': [64, 64], 'mlp_noise_dim': 100, 'mlp_noise_representation': 'vector', 'pooling': 'static_softmax'}",0.0005,0.0,78,0.4937846511602402,0.4924883723258972,461.8320024999557,ok
h_sequential_engression,"{'input_dim': 2, 'output_dim': 1, 'sequence_length': 10, 'gru_hidden_size': 64, 'mlp_hidden_dim': 64, 'mlp_noise_dim': 100, 'mlp_noise_representation': 'scalar', 'pooling': 'last'}",0.0005,0.0001,42,0.4973522499203682,0.4967508241534233,171.26690109999618,ok
h_sequential_engression,"{'input_dim': 2, 'output_dim': 1, 'sequence_length': 10, 'gru_hidden_size': 64, 'mlp_hidden_dim': 64, 'mlp_noise_dim': 100, 'mlp_noise_representation': 'scalar', 'pooling': 'static_softmax'}",0.0005,0.0001,72,0.4931240677833557,0.4832764089107513,249.72274850000397,ok
h_sequential_engression,"{'input_dim': 2, 'output_dim': 1, 'sequence_length': 10, 'gru_hidden_size': 64, 'mlp_hidden_dim': 64, 'mlp_noise_dim': 100, 'mlp_noise_representation': 'vector', 'pooling': 'last'}",0.0005,0.0001,54,0.4947217777371406,0.486755721271038,207.46577660000185,ok
h_sequential_engression,"{'input_dim': 2, 'output_dim': 1, 'sequence_length': 10, 'gru_hidden_size': 64, 'mlp_hidden_dim': 64, 'mlp_noise_dim': 100, 'mlp_noise_representation': 'vector', 'pooling': 'static_softmax'}",0.0005,0.0001,80,0.4925700649619102,0.4894140183925629,277.9631085000001,ok
h_sequential_engression,"{'input_dim': 2, 'output_dim': 1, 'sequence_length': 10, 'gru_hidden_size': 64, 'mlp_hidden_dim': [32, 32], 'mlp_noise_dim': 100, 'mlp_noise_representation': 'scalar', 'pooling': 'last'}",0.0005,0.0001,54,0.4943187423050403,0.491517473757267,198.26463290001263,ok
h_sequential_engression,"{'input_dim': 2, 'output_dim': 1, 'sequence_length': 10, 'gru_hidden_size': 64, 'mlp_hidden_dim': [32, 32], 'mlp_noise_dim': 100, 'mlp_noise_representation': 'scalar', 'pooling': 'static_softmax'}",0.0005,0.0001,46,0.4963148012757301,0.4970604568719864,185.42848170001523,ok
h_sequential_engression,"{'input_dim': 2, 'output_dim': 1, 'sequence_length': 10, 'gru_hidden_size': 64, 'mlp_hidden_dim': [32, 32], 'mlp_noise_dim': 100, 'mlp_noise_representation': 'vector', 'pooling': 'last'}",0.0005,0.0001,22,0.4988304451107979,0.4821074649691582,127.6864369000541,ok
h_sequential_engression,"{'input_dim': 2, 'output_dim': 1, 'sequence_length': 10, 'gru_hidden_size': 64, 'mlp_hidden_dim': [32, 32], 'mlp_noise_dim': 100, 'mlp_noise_representation': 'vector', 'pooling': 'static_softmax'}",0.0005,0.0001,46,0.4965046532452106,0.489392401278019,192.81230250000957,ok
h_sequential_engression,"{'input_dim': 2, 'output_dim': 1, 'sequence_length': 10, 'gru_hidden_size': 64, 'mlp_hidden_dim': [64, 64], 'mlp_noise_dim': 100, 'mlp_noise_representation': 'scalar', 'pooling': 'last'}",0.0005,0.0001,58,0.4934001117944717,0.4951001107692718,210.980713500001,ok
h_sequential_engression,"{'input_dim': 2, 'output_dim': 1, 'sequence_length': 10, 'gru_hidden_size': 64, 'mlp_hidden_dim': [64, 64], 'mlp_noise_dim': 100, 'mlp_noise_representation': 'scalar', 'pooling': 'static_softmax'}",0.0005,0.0001,72,0.4929563738405704,0.4897830441594124,252.9079060999793,ok
h_sequential_engression,"{'input_dim': 2, 'output_dim': 1, 'sequence_length': 10, 'gru_hidden_size': 64, 'mlp_hidden_dim': [64, 64], 'mlp_noise_dim': 100, 'mlp_noise_representation': 'vector', 'pooling': 'last'}",0.0005,0.0001,90,0.4943806082010269,0.4908228248357772,299.1120416999911,ok
h_sequential_engression,"{'input_dim': 2, 'output_dim': 1, 'sequence_length': 10, 'gru_hidden_size': 64, 'mlp_hidden_dim': [64, 64], 'mlp_noise_dim': 100, 'mlp_noise_representation': 'vector', 'pooling': 'static_softmax'}",0.0005,0.0001,42,0.4950718842446804,0.5012509480118752,186.2745063000475,ok
h_sequential_engression,"{'input_dim': 2, 'output_dim': 1, 'sequence_length': 10, 'gru_hidden_size': 128, 'mlp_hidden_dim': 64, 'mlp_noise_dim': 100, 'mlp_noise_representation': 'scalar', 'pooling': 'last'}",0.0005,0.0001,28,0.496886745095253,0.5003925189375877,246.3595426999964,ok
h_sequential_engression,"{'input_dim': 2, 'output_dim': 1, 'sequence_length': 10, 'gru_hidden_size': 128, 'mlp_hidden_dim': 64, 'mlp_noise_dim': 100, 'mlp_noise_representation': 'scalar', 'pooling': 'static_softmax'}",0.0005,0.0001,40,0.4938348159193992,0.493358863890171,306.3759841999854,ok
h_sequential_engression,"{'input_dim': 2, 'output_dim': 1, 'sequence_length': 10, 'gru_hidden_size': 128, 'mlp_hidden_dim': 64, 'mlp_noise_dim': 100, 'mlp_noise_representation': 'vector', 'pooling': 'last'}",0.0005,0.0001,24,0.4960224889218807,0.4904090046882629,235.22703479998745,ok
h_sequential_engression,"{'input_dim': 2, 'output_dim': 1, 'sequence_length': 10, 'gru_hidden_size': 128, 'mlp_hidden_dim': 64, 'mlp_noise_dim': 100, 'mlp_noise_representation': 'vector', 'pooling': 'static_softmax'}",0.0005,0.0001,58,0.4920747056603431,0.4993748560547829,395.1215846000123,ok
h_sequential_engression,"{'input_dim': 2, 'output_dim': 1, 'sequence_length': 10, 'gru_hidden_size': 128, 'mlp_hidden_dim': [32, 32], 'mlp_noise_dim': 100, 'mlp_noise_representation': 'scalar', 'pooling': 'last'}",0.0005,0.0001,76,0.4910575561225414,0.4940184369683266,449.4425019999617,ok
h_sequential_engression,"{'input_dim': 2, 'output_dim': 1, 'sequence_length': 10, 'gru_hidden_size': 128, 'mlp_hidden_dim': [32, 32], 'mlp_noise_dim': 100, 'mlp_noise_representation': 'scalar', 'pooling': 'static_softmax'}",0.0005,0.0001,52,0.4959007725119591,0.4979746833443642,359.0688262000331,ok
h_sequential_engression,"{'input_dim': 2, 'output_dim': 1, 'sequence_length': 10, 'gru_hidden_size': 128, 'mlp_hidden_dim': [32, 32], 'mlp_noise_dim': 100, 'mlp_noise_representation': 'vector', 'pooling': 'last'}",0.0005,0.0001,46,0.494797769933939,0.4958944007754325,329.9055518999812,ok
h_sequential_engression,"{'input_dim': 2, 'output_dim': 1, 'sequence_length': 10, 'gru_hidden_size': 128, 'mlp_hidden_dim': [32, 32], 'mlp_noise_dim': 100, 'mlp_noise_representation': 'vector', 'pooling': 'static_softmax'}",0.0005,0.0001,18,0.4959224797785282,0.5015318438410759,215.04677040001843,ok
h_sequential_engression,"{'input_dim': 2, 'output_dim': 1, 'sequence_length': 10, 'gru_hidden_size': 128, 'mlp_hidden_dim': [64, 64], 'mlp_noise_dim': 100, 'mlp_noise_representation': 'scalar', 'pooling': 'last'}",0.0005,0.0001,34,0.4933699257671833,0.4992353588342667,273.4371170999948,ok
h_sequential_engression,"{'input_dim': 2, 'output_dim': 1, 'sequence_length': 10, 'gru_hidden_size': 128, 'mlp_hidden_dim': [64, 64], 'mlp_noise_dim': 100, 'mlp_noise_representation': 'scalar', 'pooling': 'static_softmax'}",0.0005,0.0001,50,0.4950071536004543,0.4903686210513115,352.70701120002195,ok
h_sequential_engression,"{'input_dim': 2, 'output_dim': 1, 'sequence_length': 10, 'gru_hidden_size': 128, 'mlp_hidden_dim': [64, 64], 'mlp_noise_dim': 100, 'mlp_noise_representation': 'vector', 'pooling': 'last'}",0.0005,0.0001,38,0.492795679718256,0.4943174421787262,307.6539231999777,ok
h_sequential_engression,"{'input_dim': 2, 'output_dim': 1, 'sequence_length': 10, 'gru_hidden_size': 128, 'mlp_hidden_dim': [64, 64], 'mlp_noise_dim': 100, 'mlp_noise_representation': 'vector', 'pooling': 'static_softmax'}",0.0005,0.0001,48,0.493210569024086,0.4946009978652,353.62666790001094,ok
h_sequential_engression,"{'input_dim': 2, 'output_dim': 1, 'sequence_length': 10, 'gru_hidden_size': [64, 64], 'mlp_hidden_dim': 64, 'mlp_noise_dim': 100, 'mlp_noise_representation': 'scalar', 'pooling': 'last'}",0.0005,0.0001,30,0.4935451000928879,0.4934115394949913,243.8754556000349,ok
h_sequential_engression,"{'input_dim': 2, 'output_dim': 1, 'sequence_length': 10, 'gru_hidden_size': [64, 64], 'mlp_hidden_dim': 64, 'mlp_noise_dim': 100, 'mlp_noise_representation': 'scalar', 'pooling': 'static_softmax'}",0.0005,0.0001,62,0.4924539849162102,0.4947062358260155,381.3954658000148,ok
h_sequential_engression,"{'input_dim': 2, 'output_dim': 1, 'sequence_length': 10, 'gru_hidden_size': [64, 64], 'mlp_hidden_dim': 64, 'mlp_noise_dim': 100, 'mlp_noise_representation': 'vector', 'pooling': 'last'}",0.0005,0.0001,90,0.4925734587013721,0.4983102932572364,503.8092752000084,ok
h_sequential_engression,"{'input_dim': 2, 'output_dim': 1, 'sequence_length': 10, 'gru_hidden_size': [64, 64], 'mlp_hidden_dim': 64, 'mlp_noise_dim': 100, 'mlp_noise_representation': 'vector', 'pooling': 'static_softmax'}",0.0005,0.0001,108,0.4905073493719101,0.4861748561263084,590.9379338000435,ok
h_sequential_engression,"{'input_dim': 2, 'output_dim': 1, 'sequence_length': 10, 'gru_hidden_size': [64, 64], 'mlp_hidden_dim': [32, 32], 'mlp_noise_dim': 100, 'mlp_noise_representation': 'scalar', 'pooling': 'last'}",0.0005,0.0001,62,0.4927193149924278,0.4869581162929535,376.7155066000414,ok
h_sequential_engression,"{'input_dim': 2, 'output_dim': 1, 'sequence_length': 10, 'gru_hidden_size': [64, 64], 'mlp_hidden_dim': [32, 32], 'mlp_noise_dim': 100, 'mlp_noise_representation': 'scalar', 'pooling': 'static_softmax'}",0.0005,0.0001,24,0.4966042004525661,0.4908373117446899,226.29693120002048,ok
h_sequential_engression,"{'input_dim': 2, 'output_dim': 1, 'sequence_length': 10, 'gru_hidden_size': [64, 64], 'mlp_hidden_dim': [32, 32], 'mlp_noise_dim': 100, 'mlp_noise_representation': 'vector', 'pooling': 'last'}",0.0005,0.0001,46,0.4945806413888931,0.4788750171661377,318.1386624000152,ok
h_sequential_engression,"{'input_dim': 2, 'output_dim': 1, 'sequence_length': 10, 'gru_hidden_size': [64, 64], 'mlp_hidden_dim': [32, 32], 'mlp_noise_dim': 100, 'mlp_noise_representation': 'vector', 'pooling': 'static_softmax'}",0.0005,0.0001,48,0.4970301873981952,0.4916214704513549,331.625660199963,ok
h_sequential_engression,"{'input_dim': 2, 'output_dim': 1, 'sequence_length': 10, 'gru_hidden_size': [64, 64], 'mlp_hidden_dim': [64, 64], 'mlp_noise_dim': 100, 'mlp_noise_representation': 'scalar', 'pooling': 'last'}",0.0005,0.0001,58,0.4933164529502392,0.4868852615356445,358.3044094000361,ok
h_sequential_engression,"{'input_dim': 2, 'output_dim': 1, 'sequence_length': 10, 'gru_hidden_size': [64, 64], 'mlp_hidden_dim': [64, 64], 'mlp_noise_dim': 100, 'mlp_noise_representation': 'scalar', 'pooling': 'static_softmax'}",0.0005,0.0001,44,0.4950655288994312,0.4930193722248077,306.3332459999947,ok
h_sequential_engression,"{'input_dim': 2, 'output_dim': 1, 'sequence_length': 10, 'gru_hidden_size': [64, 64], 'mlp_hidden_dim': [64, 64], 'mlp_noise_dim': 100, 'mlp_noise_representation': 'vector', 'pooling': 'last'}",0.0005,0.0001,58,0.4948386996984482,0.4910493165254593,369.1658842000179,ok
h_sequential_engression,"{'input_dim': 2, 'output_dim': 1, 'sequence_length': 10, 'gru_hidden_size': [64, 64], 'mlp_hidden_dim': [64, 64], 'mlp_noise_dim': 100, 'mlp_noise_representation': 'vector', 'pooling': 'static_softmax'}",0.0005,0.0001,50,0.4942173399031162,0.4915378257632256,340.80201500002295,ok
